-- MySQL dump 10.13  Distrib 8.0.37, for Win64 (x86_64)
--
-- Host: 190.225.126.7    Database: bethania2024
-- ------------------------------------------------------
-- Server version	8.0.29

/*!40101 SET @OLD_CHARACTER_SET_CLIENT=@@CHARACTER_SET_CLIENT */;
/*!40101 SET @OLD_CHARACTER_SET_RESULTS=@@CHARACTER_SET_RESULTS */;
/*!40101 SET @OLD_COLLATION_CONNECTION=@@COLLATION_CONNECTION */;
/*!50503 SET NAMES utf8mb4 */;
/*!40103 SET @OLD_TIME_ZONE=@@TIME_ZONE */;
/*!40103 SET TIME_ZONE='+00:00' */;
/*!40014 SET @OLD_UNIQUE_CHECKS=@@UNIQUE_CHECKS, UNIQUE_CHECKS=0 */;
/*!40014 SET @OLD_FOREIGN_KEY_CHECKS=@@FOREIGN_KEY_CHECKS, FOREIGN_KEY_CHECKS=0 */;
/*!40101 SET @OLD_SQL_MODE=@@SQL_MODE, SQL_MODE='NO_AUTO_VALUE_ON_ZERO' */;
/*!40111 SET @OLD_SQL_NOTES=@@SQL_NOTES, SQL_NOTES=0 */;

--
-- Table structure for table `administracion_alumnos_añolectivo`
--

DROP TABLE IF EXISTS `administracion_alumnos_añolectivo`;
/*!40101 SET @saved_cs_client     = @@character_set_client */;
/*!50503 SET character_set_client = utf8mb4 */;
CREATE TABLE `administracion_alumnos_añolectivo` (
  `id` bigint NOT NULL AUTO_INCREMENT,
  `año` int NOT NULL,
  PRIMARY KEY (`id`)
) ENGINE=InnoDB AUTO_INCREMENT=2 DEFAULT CHARSET=utf8mb4 COLLATE=utf8mb4_0900_ai_ci;
/*!40101 SET character_set_client = @saved_cs_client */;

--
-- Dumping data for table `administracion_alumnos_añolectivo`
--

LOCK TABLES `administracion_alumnos_añolectivo` WRITE;
/*!40000 ALTER TABLE `administracion_alumnos_añolectivo` DISABLE KEYS */;
INSERT INTO `administracion_alumnos_añolectivo` VALUES (1,2024);
/*!40000 ALTER TABLE `administracion_alumnos_añolectivo` ENABLE KEYS */;
UNLOCK TABLES;

--
-- Table structure for table `administracion_alumnos_configuracionglobal`
--

DROP TABLE IF EXISTS `administracion_alumnos_configuracionglobal`;
/*!40101 SET @saved_cs_client     = @@character_set_client */;
/*!50503 SET character_set_client = utf8mb4 */;
CREATE TABLE `administracion_alumnos_configuracionglobal` (
  `id` bigint NOT NULL AUTO_INCREMENT,
  `importe_cuota` decimal(8,2) NOT NULL,
  `interes_por_mora` decimal(5,2) NOT NULL,
  `monto_inscripcion` decimal(8,2) NOT NULL,
  `fecha_actualizacion` datetime(6) NOT NULL,
  PRIMARY KEY (`id`)
) ENGINE=InnoDB AUTO_INCREMENT=5 DEFAULT CHARSET=utf8mb4 COLLATE=utf8mb4_0900_ai_ci;
/*!40101 SET character_set_client = @saved_cs_client */;

--
-- Dumping data for table `administracion_alumnos_configuracionglobal`
--

LOCK TABLES `administracion_alumnos_configuracionglobal` WRITE;
/*!40000 ALTER TABLE `administracion_alumnos_configuracionglobal` DISABLE KEYS */;
INSERT INTO `administracion_alumnos_configuracionglobal` VALUES (1,20000.00,10.00,15000.00,'2024-08-25 23:21:44.100677'),(2,40000.00,20.00,0.00,'2024-08-25 23:22:35.056806'),(3,25000.00,25.00,0.00,'2024-08-25 23:27:47.468894'),(4,30000.00,10.00,0.00,'2024-08-25 23:28:47.907867');
/*!40000 ALTER TABLE `administracion_alumnos_configuracionglobal` ENABLE KEYS */;
UNLOCK TABLES;

--
-- Table structure for table `administracion_alumnos_cuota`
--

DROP TABLE IF EXISTS `administracion_alumnos_cuota`;
/*!40101 SET @saved_cs_client     = @@character_set_client */;
/*!50503 SET character_set_client = utf8mb4 */;
CREATE TABLE `administracion_alumnos_cuota` (
  `id` bigint NOT NULL AUTO_INCREMENT,
  `cuota` decimal(8,2) NOT NULL,
  `interes_por_mora` decimal(5,2) NOT NULL,
  `total_cuota` decimal(8,2) NOT NULL,
  `pagado` tinyint(1) NOT NULL,
  `fecha_pago` date DEFAULT NULL,
  `alumno_id` bigint NOT NULL,
  `mes_id` bigint NOT NULL,
  PRIMARY KEY (`id`),
  KEY `administracion_alumn_alumno_id_cf4293d9_fk_alumnos_c` (`alumno_id`),
  KEY `administracion_alumn_mes_id_cb1cabc7_fk_administr` (`mes_id`),
  CONSTRAINT `administracion_alumn_alumno_id_cf4293d9_fk_alumnos_c` FOREIGN KEY (`alumno_id`) REFERENCES `alumnos` (`cuil_alumno`),
  CONSTRAINT `administracion_alumn_mes_id_cb1cabc7_fk_administr` FOREIGN KEY (`mes_id`) REFERENCES `administracion_alumnos_mes` (`id`)
) ENGINE=InnoDB AUTO_INCREMENT=650 DEFAULT CHARSET=utf8mb4 COLLATE=utf8mb4_0900_ai_ci;
/*!40101 SET character_set_client = @saved_cs_client */;

--
-- Dumping data for table `administracion_alumnos_cuota`
--

LOCK TABLES `administracion_alumnos_cuota` WRITE;
/*!40000 ALTER TABLE `administracion_alumnos_cuota` DISABLE KEYS */;
INSERT INTO `administracion_alumnos_cuota` VALUES (1,30000.00,10.00,33000.00,0,'2024-08-25',12345678912,1),(2,18000.00,10.00,18000.00,1,'2024-08-25',20000000003,6),(3,30000.00,10.00,33000.00,0,NULL,20000000008,2),(4,30000.00,10.00,33000.00,0,NULL,20000000004,6),(5,20000.00,10.00,22000.00,0,NULL,201502250,1),(6,20000.00,10.00,22000.00,0,NULL,201502250,2),(7,20000.00,10.00,22000.00,0,NULL,201502250,3),(8,20000.00,10.00,22000.00,0,NULL,201502250,4),(9,20000.00,10.00,22000.00,0,NULL,201502250,5),(10,20000.00,10.00,22000.00,0,NULL,201502250,6),(11,20000.00,10.00,22000.00,0,NULL,201502250,7),(12,20000.00,10.00,22000.00,0,NULL,201502250,8),(13,20000.00,10.00,22000.00,0,NULL,201502250,9),(14,20000.00,10.00,22000.00,0,NULL,201502250,10),(15,20000.00,10.00,22000.00,0,NULL,12345678901,1),(16,20000.00,10.00,22000.00,0,NULL,12345678901,2),(17,20000.00,10.00,22000.00,0,NULL,12345678901,3),(18,20000.00,10.00,22000.00,0,NULL,12345678901,4),(19,20000.00,10.00,22000.00,0,NULL,12345678901,5),(20,20000.00,10.00,22000.00,0,NULL,12345678901,6),(21,20000.00,10.00,22000.00,0,NULL,12345678901,7),(22,20000.00,10.00,22000.00,0,NULL,12345678901,8),(23,20000.00,10.00,22000.00,0,NULL,12345678901,9),(24,20000.00,10.00,22000.00,0,NULL,12345678901,10),(25,20000.00,10.00,22000.00,0,NULL,12345678912,2),(26,20000.00,10.00,22000.00,0,NULL,12345678912,3),(27,20000.00,10.00,22000.00,0,NULL,12345678912,4),(28,20000.00,10.00,22000.00,0,NULL,12345678912,5),(29,20000.00,10.00,22000.00,0,NULL,12345678912,6),(30,20000.00,10.00,22000.00,0,NULL,12345678912,7),(31,20000.00,10.00,22000.00,0,NULL,12345678912,8),(32,20000.00,10.00,22000.00,0,NULL,12345678912,9),(33,20000.00,10.00,22000.00,0,NULL,12345678912,10),(34,20000.00,10.00,22000.00,0,NULL,20000000001,1),(35,20000.00,10.00,22000.00,0,NULL,20000000001,2),(36,20000.00,10.00,22000.00,0,NULL,20000000001,3),(37,20000.00,10.00,22000.00,0,NULL,20000000001,4),(38,20000.00,10.00,22000.00,0,NULL,20000000001,5),(39,20000.00,10.00,22000.00,0,NULL,20000000001,6),(40,20000.00,10.00,22000.00,0,NULL,20000000001,7),(41,20000.00,10.00,22000.00,0,NULL,20000000001,8),(42,20000.00,10.00,22000.00,0,NULL,20000000001,9),(43,20000.00,10.00,22000.00,0,NULL,20000000001,10),(44,20000.00,10.00,22000.00,0,NULL,20000000002,1),(45,20000.00,10.00,22000.00,0,NULL,20000000002,2),(46,20000.00,10.00,22000.00,0,NULL,20000000002,3),(47,20000.00,10.00,22000.00,0,NULL,20000000002,4),(48,20000.00,10.00,22000.00,0,NULL,20000000002,5),(49,20000.00,10.00,22000.00,0,NULL,20000000002,6),(50,20000.00,10.00,22000.00,0,NULL,20000000002,7),(51,20000.00,10.00,22000.00,0,NULL,20000000002,8),(52,20000.00,10.00,22000.00,0,NULL,20000000002,9),(53,20000.00,10.00,22000.00,0,NULL,20000000002,10),(54,20000.00,10.00,22000.00,0,NULL,20000000003,1),(55,20000.00,10.00,22000.00,0,NULL,20000000003,2),(56,20000.00,10.00,22000.00,0,NULL,20000000003,3),(57,20000.00,10.00,22000.00,0,NULL,20000000003,4),(58,20000.00,10.00,22000.00,0,NULL,20000000003,5),(59,20000.00,10.00,22000.00,0,NULL,20000000003,6),(60,20000.00,10.00,22000.00,0,NULL,20000000003,8),(61,20000.00,10.00,22000.00,0,NULL,20000000003,9),(62,20000.00,10.00,22000.00,0,NULL,20000000003,10),(63,20000.00,10.00,22000.00,0,NULL,20000000004,1),(64,20000.00,10.00,22000.00,0,NULL,20000000004,2),(65,20000.00,10.00,22000.00,0,NULL,20000000004,3),(66,20000.00,10.00,22000.00,0,NULL,20000000004,4),(67,20000.00,10.00,22000.00,0,NULL,20000000004,5),(68,20000.00,10.00,22000.00,0,NULL,20000000004,7),(69,20000.00,10.00,22000.00,0,NULL,20000000004,8),(70,20000.00,10.00,22000.00,0,NULL,20000000004,9),(71,20000.00,10.00,22000.00,0,NULL,20000000004,10),(72,20000.00,10.00,22000.00,0,NULL,20000000008,1),(73,20000.00,10.00,22000.00,0,NULL,20000000008,3),(74,20000.00,10.00,22000.00,0,NULL,20000000008,4),(75,20000.00,10.00,22000.00,0,NULL,20000000008,5),(76,20000.00,10.00,22000.00,0,NULL,20000000008,6),(77,20000.00,10.00,22000.00,0,NULL,20000000008,7),(78,20000.00,10.00,22000.00,0,NULL,20000000008,8),(79,20000.00,10.00,22000.00,0,NULL,20000000008,9),(80,20000.00,10.00,22000.00,0,NULL,20000000008,10),(81,20000.00,10.00,22000.00,0,NULL,20000000011,1),(82,20000.00,10.00,22000.00,0,NULL,20000000011,2),(83,20000.00,10.00,22000.00,0,NULL,20000000011,3),(84,20000.00,10.00,22000.00,0,NULL,20000000011,4),(85,20000.00,10.00,22000.00,0,NULL,20000000011,5),(86,20000.00,10.00,22000.00,0,NULL,20000000011,6),(87,20000.00,10.00,22000.00,0,NULL,20000000011,7),(88,20000.00,10.00,22000.00,0,NULL,20000000011,8),(89,20000.00,10.00,22000.00,0,NULL,20000000011,9),(90,20000.00,10.00,22000.00,0,NULL,20000000011,10),(91,20000.00,10.00,22000.00,0,NULL,20000000012,1),(92,20000.00,10.00,22000.00,0,NULL,20000000012,2),(93,20000.00,10.00,22000.00,0,NULL,20000000012,3),(94,20000.00,10.00,22000.00,0,NULL,20000000012,4),(95,20000.00,10.00,22000.00,0,NULL,20000000012,5),(96,20000.00,10.00,22000.00,0,NULL,20000000012,6),(97,20000.00,10.00,22000.00,0,NULL,20000000012,7),(98,20000.00,10.00,22000.00,0,NULL,20000000012,8),(99,20000.00,10.00,22000.00,0,NULL,20000000012,9),(100,20000.00,10.00,22000.00,0,NULL,20000000012,10),(101,20000.00,10.00,22000.00,0,NULL,20000000013,1),(102,20000.00,10.00,22000.00,0,NULL,20000000013,2),(103,20000.00,10.00,22000.00,0,NULL,20000000013,3),(104,20000.00,10.00,22000.00,0,NULL,20000000013,4),(105,20000.00,10.00,22000.00,0,NULL,20000000013,5),(106,20000.00,10.00,22000.00,0,NULL,20000000013,6),(107,20000.00,10.00,22000.00,0,NULL,20000000013,7),(108,20000.00,10.00,22000.00,0,NULL,20000000013,8),(109,20000.00,10.00,22000.00,0,NULL,20000000013,9),(110,20000.00,10.00,22000.00,0,NULL,20000000013,10),(111,20000.00,10.00,22000.00,0,NULL,20000000014,1),(112,20000.00,10.00,22000.00,0,NULL,20000000014,2),(113,20000.00,10.00,22000.00,0,NULL,20000000014,3),(114,20000.00,10.00,22000.00,0,NULL,20000000014,4),(115,20000.00,10.00,22000.00,0,NULL,20000000014,5),(116,20000.00,10.00,22000.00,0,NULL,20000000014,6),(117,20000.00,10.00,22000.00,0,NULL,20000000014,7),(118,20000.00,10.00,22000.00,0,NULL,20000000014,8),(119,20000.00,10.00,22000.00,0,NULL,20000000014,9),(120,20000.00,10.00,22000.00,0,NULL,20000000014,10),(121,20000.00,10.00,22000.00,0,NULL,20000000015,1),(122,20000.00,10.00,22000.00,0,NULL,20000000015,2),(123,20000.00,10.00,22000.00,0,NULL,20000000015,3),(124,20000.00,10.00,22000.00,0,NULL,20000000015,4),(125,20000.00,10.00,22000.00,0,NULL,20000000015,5),(126,20000.00,10.00,22000.00,0,NULL,20000000015,6),(127,20000.00,10.00,22000.00,0,NULL,20000000015,7),(128,20000.00,10.00,22000.00,0,NULL,20000000015,8),(129,20000.00,10.00,22000.00,0,NULL,20000000015,9),(130,20000.00,10.00,22000.00,0,NULL,20000000015,10),(131,20000.00,10.00,22000.00,0,NULL,20000000016,1),(132,20000.00,10.00,22000.00,0,NULL,20000000016,2),(133,20000.00,10.00,22000.00,0,NULL,20000000016,3),(134,20000.00,10.00,22000.00,0,NULL,20000000016,4),(135,20000.00,10.00,22000.00,0,NULL,20000000016,5),(136,20000.00,10.00,22000.00,0,NULL,20000000016,6),(137,20000.00,10.00,22000.00,0,NULL,20000000016,7),(138,20000.00,10.00,22000.00,0,NULL,20000000016,8),(139,20000.00,10.00,22000.00,0,NULL,20000000016,9),(140,20000.00,10.00,22000.00,0,NULL,20000000016,10),(141,20000.00,10.00,22000.00,0,NULL,20000000017,1),(142,20000.00,10.00,22000.00,0,NULL,20000000017,2),(143,20000.00,10.00,22000.00,0,NULL,20000000017,3),(144,20000.00,10.00,22000.00,0,NULL,20000000017,4),(145,20000.00,10.00,22000.00,0,NULL,20000000017,5),(146,20000.00,10.00,22000.00,0,NULL,20000000017,6),(147,20000.00,10.00,22000.00,0,NULL,20000000017,7),(148,20000.00,10.00,22000.00,0,NULL,20000000017,8),(149,20000.00,10.00,22000.00,0,NULL,20000000017,9),(150,20000.00,10.00,22000.00,0,NULL,20000000017,10),(151,20000.00,10.00,22000.00,0,NULL,20000000018,1),(152,20000.00,10.00,22000.00,0,NULL,20000000018,2),(153,20000.00,10.00,22000.00,0,NULL,20000000018,3),(154,20000.00,10.00,22000.00,0,NULL,20000000018,4),(155,20000.00,10.00,22000.00,0,NULL,20000000018,5),(156,20000.00,10.00,22000.00,0,NULL,20000000018,6),(157,20000.00,10.00,22000.00,0,NULL,20000000018,7),(158,20000.00,10.00,22000.00,0,NULL,20000000018,8),(159,20000.00,10.00,22000.00,0,NULL,20000000018,9),(160,20000.00,10.00,22000.00,0,NULL,20000000018,10),(161,20000.00,10.00,22000.00,0,NULL,20000000019,1),(162,20000.00,10.00,22000.00,0,NULL,20000000019,2),(163,20000.00,10.00,22000.00,0,NULL,20000000019,3),(164,20000.00,10.00,22000.00,0,NULL,20000000019,4),(165,20000.00,10.00,22000.00,0,NULL,20000000019,5),(166,20000.00,10.00,22000.00,0,NULL,20000000019,6),(167,20000.00,10.00,22000.00,0,NULL,20000000019,7),(168,20000.00,10.00,22000.00,0,NULL,20000000019,8),(169,20000.00,10.00,22000.00,0,NULL,20000000019,9),(170,20000.00,10.00,22000.00,0,NULL,20000000019,10),(171,20000.00,10.00,22000.00,0,NULL,20000000020,1),(172,20000.00,10.00,22000.00,0,NULL,20000000020,2),(173,20000.00,10.00,22000.00,0,NULL,20000000020,3),(174,20000.00,10.00,22000.00,0,NULL,20000000020,4),(175,20000.00,10.00,22000.00,0,NULL,20000000020,5),(176,20000.00,10.00,22000.00,0,NULL,20000000020,6),(177,20000.00,10.00,22000.00,0,NULL,20000000020,7),(178,20000.00,10.00,22000.00,0,NULL,20000000020,8),(179,20000.00,10.00,22000.00,0,NULL,20000000020,9),(180,20000.00,10.00,22000.00,0,NULL,20000000020,10),(181,20000.00,10.00,22000.00,0,NULL,20000000021,1),(182,20000.00,10.00,22000.00,0,NULL,20000000021,2),(183,20000.00,10.00,22000.00,0,NULL,20000000021,3),(184,20000.00,10.00,22000.00,0,NULL,20000000021,4),(185,20000.00,10.00,22000.00,0,NULL,20000000021,5),(186,20000.00,10.00,22000.00,0,NULL,20000000021,6),(187,20000.00,10.00,22000.00,0,NULL,20000000021,7),(188,20000.00,10.00,22000.00,0,NULL,20000000021,8),(189,20000.00,10.00,22000.00,0,NULL,20000000021,9),(190,20000.00,10.00,22000.00,0,NULL,20000000021,10),(191,20000.00,10.00,22000.00,0,NULL,20000000022,1),(192,20000.00,10.00,22000.00,0,NULL,20000000022,2),(193,20000.00,10.00,22000.00,0,NULL,20000000022,3),(194,20000.00,10.00,22000.00,0,NULL,20000000022,4),(195,20000.00,10.00,22000.00,0,NULL,20000000022,5),(196,20000.00,10.00,22000.00,0,NULL,20000000022,6),(197,20000.00,10.00,22000.00,0,NULL,20000000022,7),(198,20000.00,10.00,22000.00,0,NULL,20000000022,8),(199,20000.00,10.00,22000.00,0,NULL,20000000022,9),(200,20000.00,10.00,22000.00,0,NULL,20000000022,10),(201,20000.00,10.00,22000.00,0,NULL,20000000023,1),(202,20000.00,10.00,22000.00,0,NULL,20000000023,2),(203,20000.00,10.00,22000.00,0,NULL,20000000023,3),(204,20000.00,10.00,22000.00,0,NULL,20000000023,4),(205,20000.00,10.00,22000.00,0,NULL,20000000023,5),(206,20000.00,10.00,22000.00,0,NULL,20000000023,6),(207,20000.00,10.00,22000.00,0,NULL,20000000023,7),(208,20000.00,10.00,22000.00,0,NULL,20000000023,8),(209,20000.00,10.00,22000.00,0,NULL,20000000023,9),(210,20000.00,10.00,22000.00,0,NULL,20000000023,10),(211,20000.00,10.00,22000.00,0,NULL,20000000024,1),(212,20000.00,10.00,22000.00,0,NULL,20000000024,2),(213,20000.00,10.00,22000.00,0,NULL,20000000024,3),(214,20000.00,10.00,22000.00,0,NULL,20000000024,4),(215,20000.00,10.00,22000.00,0,NULL,20000000024,5),(216,20000.00,10.00,22000.00,0,NULL,20000000024,6),(217,20000.00,10.00,22000.00,0,NULL,20000000024,7),(218,20000.00,10.00,22000.00,0,NULL,20000000024,8),(219,20000.00,10.00,22000.00,0,NULL,20000000024,9),(220,20000.00,10.00,22000.00,0,NULL,20000000024,10),(221,20000.00,10.00,22000.00,0,NULL,20000000025,1),(222,20000.00,10.00,22000.00,0,NULL,20000000025,2),(223,20000.00,10.00,22000.00,0,NULL,20000000025,3),(224,20000.00,10.00,22000.00,0,NULL,20000000025,4),(225,20000.00,10.00,22000.00,0,NULL,20000000025,5),(226,20000.00,10.00,22000.00,0,NULL,20000000025,6),(227,20000.00,10.00,22000.00,0,NULL,20000000025,7),(228,20000.00,10.00,22000.00,0,NULL,20000000025,8),(229,20000.00,10.00,22000.00,0,NULL,20000000025,9),(230,20000.00,10.00,22000.00,0,NULL,20000000025,10),(231,20000.00,10.00,22000.00,0,NULL,20000000026,1),(232,20000.00,10.00,22000.00,0,NULL,20000000026,2),(233,20000.00,10.00,22000.00,0,NULL,20000000026,3),(234,20000.00,10.00,22000.00,0,NULL,20000000026,4),(235,20000.00,10.00,22000.00,0,NULL,20000000026,5),(236,20000.00,10.00,22000.00,0,NULL,20000000026,6),(237,20000.00,10.00,22000.00,0,NULL,20000000026,7),(238,20000.00,10.00,22000.00,0,NULL,20000000026,8),(239,20000.00,10.00,22000.00,0,NULL,20000000026,9),(240,20000.00,10.00,22000.00,0,NULL,20000000026,10),(241,20000.00,10.00,22000.00,0,NULL,20000000027,1),(242,20000.00,10.00,22000.00,0,NULL,20000000027,2),(243,20000.00,10.00,22000.00,0,NULL,20000000027,3),(244,20000.00,10.00,22000.00,0,NULL,20000000027,4),(245,20000.00,10.00,22000.00,0,NULL,20000000027,5),(246,20000.00,10.00,22000.00,0,NULL,20000000027,6),(247,20000.00,10.00,22000.00,0,NULL,20000000027,7),(248,20000.00,10.00,22000.00,0,NULL,20000000027,8),(249,20000.00,10.00,22000.00,0,NULL,20000000027,9),(250,20000.00,10.00,22000.00,0,NULL,20000000027,10),(251,20000.00,10.00,22000.00,0,NULL,20000000028,1),(252,20000.00,10.00,22000.00,0,NULL,20000000028,2),(253,20000.00,10.00,22000.00,0,NULL,20000000028,3),(254,20000.00,10.00,22000.00,0,NULL,20000000028,4),(255,20000.00,10.00,22000.00,0,NULL,20000000028,5),(256,20000.00,10.00,22000.00,0,NULL,20000000028,6),(257,20000.00,10.00,22000.00,0,NULL,20000000028,7),(258,20000.00,10.00,22000.00,0,NULL,20000000028,8),(259,20000.00,10.00,22000.00,0,NULL,20000000028,9),(260,20000.00,10.00,22000.00,0,NULL,20000000028,10),(261,20000.00,10.00,22000.00,0,NULL,20000000029,1),(262,20000.00,10.00,22000.00,0,NULL,20000000029,2),(263,20000.00,10.00,22000.00,0,NULL,20000000029,3),(264,20000.00,10.00,22000.00,0,NULL,20000000029,4),(265,20000.00,10.00,22000.00,0,NULL,20000000029,5),(266,20000.00,10.00,22000.00,0,NULL,20000000029,6),(267,20000.00,10.00,22000.00,0,NULL,20000000029,7),(268,20000.00,10.00,22000.00,0,NULL,20000000029,8),(269,20000.00,10.00,22000.00,0,NULL,20000000029,9),(270,20000.00,10.00,22000.00,0,NULL,20000000029,10),(271,20000.00,10.00,22000.00,0,NULL,20000000030,1),(272,20000.00,10.00,22000.00,0,NULL,20000000030,2),(273,20000.00,10.00,22000.00,0,NULL,20000000030,3),(274,20000.00,10.00,22000.00,0,NULL,20000000029,7),(275,20000.00,10.00,22000.00,0,NULL,20000000030,4),(276,20000.00,10.00,22000.00,0,NULL,20000000030,5),(277,20000.00,10.00,22000.00,0,NULL,20000000030,6),(278,20000.00,10.00,22000.00,0,NULL,20000000030,7),(279,20000.00,10.00,22000.00,0,NULL,20000000030,8),(280,20000.00,10.00,22000.00,0,NULL,20000000030,8),(281,20000.00,10.00,22000.00,0,NULL,20000000030,9),(282,20000.00,10.00,22000.00,0,NULL,20000000030,9),(283,20000.00,10.00,22000.00,0,NULL,20000000030,10),(284,20000.00,10.00,22000.00,0,NULL,20000000030,10),(285,20000.00,10.00,22000.00,0,NULL,20112221112,1),(286,20000.00,10.00,22000.00,0,NULL,20112221112,1),(287,20000.00,10.00,22000.00,0,NULL,20112221112,2),(288,20000.00,10.00,22000.00,0,NULL,20112221112,2),(289,20000.00,10.00,22000.00,0,NULL,20112221112,3),(290,20000.00,10.00,22000.00,0,NULL,20112221112,3),(291,20000.00,10.00,22000.00,0,NULL,20112221112,4),(292,20000.00,10.00,22000.00,0,NULL,20112221112,4),(293,20000.00,10.00,22000.00,0,NULL,20112221112,5),(294,20000.00,10.00,22000.00,0,NULL,20112221112,5),(295,20000.00,10.00,22000.00,0,NULL,20112221112,6),(296,20000.00,10.00,22000.00,0,NULL,20112221112,6),(297,20000.00,10.00,22000.00,0,NULL,20112221112,7),(298,20000.00,10.00,22000.00,0,NULL,20112221112,7),(299,20000.00,10.00,22000.00,0,NULL,20112221112,8),(300,20000.00,10.00,22000.00,0,NULL,20112221112,8),(301,20000.00,10.00,22000.00,0,NULL,20112221112,9),(302,20000.00,10.00,22000.00,0,NULL,20112221112,10),(303,20000.00,10.00,22000.00,0,NULL,20112221112,10),(304,20000.00,10.00,22000.00,0,NULL,20154891423,1),(305,20000.00,10.00,22000.00,0,NULL,20154891423,1),(306,20000.00,10.00,22000.00,0,NULL,20154891423,2),(307,20000.00,10.00,22000.00,0,NULL,20154891423,2),(308,20000.00,10.00,22000.00,0,NULL,20154891423,3),(309,20000.00,10.00,22000.00,0,NULL,20154891423,3),(310,20000.00,10.00,22000.00,0,NULL,20154891423,4),(311,20000.00,10.00,22000.00,0,NULL,20154891423,4),(312,20000.00,10.00,22000.00,0,NULL,20154891423,5),(313,20000.00,10.00,22000.00,0,NULL,20154891423,5),(314,20000.00,10.00,22000.00,0,NULL,20154891423,6),(315,20000.00,10.00,22000.00,0,NULL,20154891423,6),(316,20000.00,10.00,22000.00,0,NULL,20154891423,7),(317,20000.00,10.00,22000.00,0,NULL,20154891423,7),(318,20000.00,10.00,22000.00,0,NULL,20154891423,8),(319,20000.00,10.00,22000.00,0,NULL,20154891423,8),(320,20000.00,10.00,22000.00,0,NULL,20154891423,9),(321,20000.00,10.00,22000.00,0,NULL,20154891423,9),(322,20000.00,10.00,22000.00,0,NULL,20154891423,10),(323,20000.00,10.00,22000.00,0,NULL,20154891423,10),(324,20000.00,10.00,22000.00,0,NULL,20315118890,1),(325,20000.00,10.00,22000.00,0,NULL,20315118890,1),(326,20000.00,10.00,22000.00,0,NULL,20315118890,2),(327,20000.00,10.00,22000.00,0,NULL,20315118890,2),(328,20000.00,10.00,22000.00,0,NULL,20315118890,3),(329,20000.00,10.00,22000.00,0,NULL,20315118890,3),(330,20000.00,10.00,22000.00,0,NULL,20315118890,4),(331,20000.00,10.00,22000.00,0,NULL,20315118890,5),(332,20000.00,10.00,22000.00,0,NULL,20315118890,5),(333,20000.00,10.00,22000.00,0,NULL,20315118890,6),(334,20000.00,10.00,22000.00,0,NULL,20315118890,6),(335,20000.00,10.00,22000.00,0,NULL,20315118890,7),(336,20000.00,10.00,22000.00,0,NULL,20315118890,7),(337,20000.00,10.00,22000.00,0,NULL,20315118890,8),(338,20000.00,10.00,22000.00,0,NULL,20315118890,8),(339,20000.00,10.00,22000.00,0,NULL,20315118890,9),(340,20000.00,10.00,22000.00,0,NULL,20315118890,9),(341,20000.00,10.00,22000.00,0,NULL,20315118890,10),(342,20000.00,10.00,22000.00,0,NULL,20315118890,10),(343,20000.00,10.00,22000.00,0,NULL,20315118892,1),(344,20000.00,10.00,22000.00,0,NULL,20315118892,1),(345,20000.00,10.00,22000.00,0,NULL,20315118892,2),(346,20000.00,10.00,22000.00,0,NULL,20315118892,2),(347,20000.00,10.00,22000.00,0,NULL,20315118892,3),(348,20000.00,10.00,22000.00,0,NULL,20315118892,3),(349,20000.00,10.00,22000.00,0,NULL,20315118892,4),(350,20000.00,10.00,22000.00,0,NULL,20315118892,4),(351,20000.00,10.00,22000.00,0,NULL,20315118892,5),(352,20000.00,10.00,22000.00,0,NULL,20315118892,5),(353,20000.00,10.00,22000.00,0,NULL,20315118892,6),(354,20000.00,10.00,22000.00,0,NULL,20315118892,6),(355,20000.00,10.00,22000.00,0,NULL,20315118892,7),(356,20000.00,10.00,22000.00,0,NULL,20315118892,7),(357,20000.00,10.00,22000.00,0,NULL,20315118892,8),(358,20000.00,10.00,22000.00,0,NULL,20315118892,8),(359,20000.00,10.00,22000.00,0,NULL,20315118892,9),(360,20000.00,10.00,22000.00,0,NULL,20315118892,9),(361,20000.00,10.00,22000.00,0,NULL,20315118892,10),(362,20000.00,10.00,22000.00,0,NULL,20315118894,1),(363,20000.00,10.00,22000.00,0,NULL,20315118894,1),(364,20000.00,10.00,22000.00,0,NULL,20315118894,2),(365,20000.00,10.00,22000.00,0,NULL,20315118894,2),(366,20000.00,10.00,22000.00,0,NULL,20315118894,3),(367,20000.00,10.00,22000.00,0,NULL,20315118894,3),(368,20000.00,10.00,22000.00,0,NULL,20315118894,4),(369,20000.00,10.00,22000.00,0,NULL,20315118894,4),(370,20000.00,10.00,22000.00,0,NULL,20315118894,5),(371,20000.00,10.00,22000.00,0,NULL,20315118894,5),(372,20000.00,10.00,22000.00,0,NULL,20315118894,6),(373,20000.00,10.00,22000.00,0,NULL,20315118894,7),(374,20000.00,10.00,22000.00,0,NULL,20315118894,7),(375,20000.00,10.00,22000.00,0,NULL,20315118894,8),(376,20000.00,10.00,22000.00,0,NULL,20315118894,8),(377,20000.00,10.00,22000.00,0,NULL,20315118894,9),(378,20000.00,10.00,22000.00,0,NULL,20315118894,9),(379,20000.00,10.00,22000.00,0,NULL,20315118894,10),(380,20000.00,10.00,22000.00,0,NULL,20315118894,10),(381,20000.00,10.00,22000.00,0,NULL,20315118895,1),(382,20000.00,10.00,22000.00,0,NULL,20315118895,1),(383,20000.00,10.00,22000.00,0,NULL,20315118895,2),(384,20000.00,10.00,22000.00,0,NULL,20315118895,2),(385,20000.00,10.00,22000.00,0,NULL,20315118895,3),(386,20000.00,10.00,22000.00,0,NULL,20315118895,3),(387,20000.00,10.00,22000.00,0,NULL,20315118895,4),(388,20000.00,10.00,22000.00,0,NULL,20315118895,4),(389,20000.00,10.00,22000.00,0,NULL,20315118895,5),(390,20000.00,10.00,22000.00,0,NULL,20315118895,6),(391,20000.00,10.00,22000.00,0,NULL,20315118895,6),(392,20000.00,10.00,22000.00,0,NULL,20315118895,7),(393,20000.00,10.00,22000.00,0,NULL,20315118895,7),(394,20000.00,10.00,22000.00,0,NULL,20315118895,8),(395,20000.00,10.00,22000.00,0,NULL,20315118895,8),(396,20000.00,10.00,22000.00,0,NULL,20315118895,9),(397,20000.00,10.00,22000.00,0,NULL,20315118895,9),(398,20000.00,10.00,22000.00,0,NULL,20315118895,10),(399,20000.00,10.00,22000.00,0,NULL,20315118895,10),(400,20000.00,10.00,22000.00,0,NULL,20315118897,1),(401,20000.00,10.00,22000.00,0,NULL,20315118897,1),(402,20000.00,10.00,22000.00,0,NULL,20315118897,2),(403,20000.00,10.00,22000.00,0,NULL,20315118897,2),(404,20000.00,10.00,22000.00,0,NULL,20315118897,3),(405,20000.00,10.00,22000.00,0,NULL,20315118897,4),(406,20000.00,10.00,22000.00,0,NULL,20315118897,4),(407,20000.00,10.00,22000.00,0,NULL,20315118897,5),(408,20000.00,10.00,22000.00,0,NULL,20315118897,5),(409,20000.00,10.00,22000.00,0,NULL,20315118897,6),(410,20000.00,10.00,22000.00,0,NULL,20315118897,6),(411,20000.00,10.00,22000.00,0,NULL,20315118897,7),(412,20000.00,10.00,22000.00,0,NULL,20315118897,7),(413,20000.00,10.00,22000.00,0,NULL,20315118897,8),(414,20000.00,10.00,22000.00,0,NULL,20315118897,8),(415,20000.00,10.00,22000.00,0,NULL,20315118897,9),(416,20000.00,10.00,22000.00,0,NULL,20315118897,9),(417,20000.00,10.00,22000.00,0,NULL,20315118897,10),(418,20000.00,10.00,22000.00,0,NULL,20315118897,10),(419,20000.00,10.00,22000.00,0,NULL,20339392596,1),(420,20000.00,10.00,22000.00,0,NULL,20339392596,1),(421,20000.00,10.00,22000.00,0,NULL,20339392596,2),(422,20000.00,10.00,22000.00,0,NULL,20339392596,2),(423,20000.00,10.00,22000.00,0,NULL,20339392596,3),(424,20000.00,10.00,22000.00,0,NULL,20339392596,3),(425,20000.00,10.00,22000.00,0,NULL,20339392596,4),(426,20000.00,10.00,22000.00,0,NULL,20339392596,4),(427,20000.00,10.00,22000.00,0,NULL,20339392596,5),(428,20000.00,10.00,22000.00,0,NULL,20339392596,5),(429,20000.00,10.00,22000.00,0,NULL,20339392596,6),(430,20000.00,10.00,22000.00,0,NULL,20339392596,6),(431,20000.00,10.00,22000.00,0,NULL,20339392596,7),(432,20000.00,10.00,22000.00,0,NULL,20339392596,7),(433,20000.00,10.00,22000.00,0,NULL,20339392596,8),(434,20000.00,10.00,22000.00,0,NULL,20339392596,9),(435,20000.00,10.00,22000.00,0,NULL,20339392596,9),(436,20000.00,10.00,22000.00,0,NULL,20339392596,10),(437,20000.00,10.00,22000.00,0,NULL,20339392596,10),(438,20000.00,10.00,22000.00,0,NULL,20393098326,1),(439,20000.00,10.00,22000.00,0,NULL,20393098326,1),(440,20000.00,10.00,22000.00,0,NULL,20393098326,2),(441,20000.00,10.00,22000.00,0,NULL,20393098326,2),(442,20000.00,10.00,22000.00,0,NULL,20393098326,3),(443,20000.00,10.00,22000.00,0,NULL,20393098326,3),(444,20000.00,10.00,22000.00,0,NULL,20393098326,4),(445,20000.00,10.00,22000.00,0,NULL,20393098326,4),(446,20000.00,10.00,22000.00,0,NULL,20393098326,5),(447,20000.00,10.00,22000.00,0,NULL,20393098326,5),(448,20000.00,10.00,22000.00,0,NULL,20393098326,6),(449,20000.00,10.00,22000.00,0,NULL,20393098326,7),(450,20000.00,10.00,22000.00,0,NULL,20393098326,7),(451,20000.00,10.00,22000.00,0,NULL,20393098326,8),(452,20000.00,10.00,22000.00,0,NULL,20393098326,8),(453,20000.00,10.00,22000.00,0,NULL,20393098326,9),(454,20000.00,10.00,22000.00,0,NULL,20393098326,9),(455,20000.00,10.00,22000.00,0,NULL,20393098326,10),(456,20000.00,10.00,22000.00,0,NULL,20393098326,10),(457,20000.00,10.00,22000.00,0,NULL,20450456285,1),(458,20000.00,10.00,22000.00,0,NULL,20450456285,1),(459,20000.00,10.00,22000.00,0,NULL,20450456285,2),(460,20000.00,10.00,22000.00,0,NULL,20450456285,2),(461,20000.00,10.00,22000.00,0,NULL,20450456285,3),(462,20000.00,10.00,22000.00,0,NULL,20450456285,3),(463,20000.00,10.00,22000.00,0,NULL,20450456285,4),(464,20000.00,10.00,22000.00,0,NULL,20450456285,4),(465,20000.00,10.00,22000.00,0,NULL,20450456285,5),(466,20000.00,10.00,22000.00,0,NULL,20450456285,6),(467,20000.00,10.00,22000.00,0,NULL,20450456285,6),(468,20000.00,10.00,22000.00,0,NULL,20450456285,7),(469,20000.00,10.00,22000.00,0,NULL,20450456285,8),(470,20000.00,10.00,22000.00,0,NULL,20450456285,9),(471,20000.00,10.00,22000.00,0,NULL,20450456285,10),(472,20000.00,10.00,22000.00,0,NULL,23456789012,1),(473,20000.00,10.00,22000.00,0,NULL,23456789012,2),(474,20000.00,10.00,22000.00,0,NULL,23456789012,3),(475,20000.00,10.00,22000.00,0,NULL,23456789012,4),(476,20000.00,10.00,22000.00,0,NULL,23456789012,5),(477,20000.00,10.00,22000.00,0,NULL,23456789012,6),(478,20000.00,10.00,22000.00,0,NULL,23456789012,6),(479,20000.00,10.00,22000.00,0,NULL,23456789012,7),(480,20000.00,10.00,22000.00,0,NULL,23456789012,7),(481,20000.00,10.00,22000.00,0,NULL,23456789012,8),(482,20000.00,10.00,22000.00,0,NULL,23456789012,9),(483,20000.00,10.00,22000.00,0,NULL,23456789012,9),(484,20000.00,10.00,22000.00,0,NULL,23456789012,10),(485,20000.00,10.00,22000.00,0,NULL,23456789012,10),(486,20000.00,10.00,22000.00,0,NULL,34567890123,1),(487,20000.00,10.00,22000.00,0,NULL,34567890123,1),(488,20000.00,10.00,22000.00,0,NULL,34567890123,2),(489,20000.00,10.00,22000.00,0,NULL,34567890123,3),(490,20000.00,10.00,22000.00,0,NULL,34567890123,3),(491,20000.00,10.00,22000.00,0,NULL,34567890123,4),(492,20000.00,10.00,22000.00,0,NULL,34567890123,4),(493,20000.00,10.00,22000.00,0,NULL,34567890123,5),(494,20000.00,10.00,22000.00,0,NULL,34567890123,5),(495,20000.00,10.00,22000.00,0,NULL,34567890123,6),(496,20000.00,10.00,22000.00,0,NULL,34567890123,6),(497,20000.00,10.00,22000.00,0,NULL,34567890123,7),(498,20000.00,10.00,22000.00,0,NULL,34567890123,7),(499,20000.00,10.00,22000.00,0,NULL,34567890123,8),(500,20000.00,10.00,22000.00,0,NULL,34567890123,9),(501,20000.00,10.00,22000.00,0,NULL,34567890123,9),(502,20000.00,10.00,22000.00,0,NULL,34567890123,10),(503,20000.00,10.00,22000.00,0,NULL,34567890123,10),(504,20000.00,10.00,22000.00,0,NULL,34567890124,1),(505,20000.00,10.00,22000.00,0,NULL,34567890124,1),(506,20000.00,10.00,22000.00,0,NULL,34567890124,2),(507,20000.00,10.00,22000.00,0,NULL,34567890124,2),(508,20000.00,10.00,22000.00,0,NULL,34567890124,3),(509,20000.00,10.00,22000.00,0,NULL,34567890124,3),(510,20000.00,10.00,22000.00,0,NULL,34567890124,4),(511,20000.00,10.00,22000.00,0,NULL,34567890124,4),(512,20000.00,10.00,22000.00,0,NULL,34567890124,5),(513,20000.00,10.00,22000.00,0,NULL,34567890124,5),(514,20000.00,10.00,22000.00,0,NULL,34567890124,6),(515,20000.00,10.00,22000.00,0,NULL,34567890124,6),(516,20000.00,10.00,22000.00,0,NULL,34567890124,7),(517,20000.00,10.00,22000.00,0,NULL,34567890124,7),(518,20000.00,10.00,22000.00,0,NULL,34567890124,8),(519,20000.00,10.00,22000.00,0,NULL,34567890124,8),(520,20000.00,10.00,22000.00,0,NULL,34567890124,9),(521,20000.00,10.00,22000.00,0,NULL,34567890124,9),(522,20000.00,10.00,22000.00,0,NULL,34567890124,10),(523,20000.00,10.00,22000.00,0,NULL,34567890124,10),(524,20000.00,10.00,22000.00,0,NULL,45678901234,1),(525,20000.00,10.00,22000.00,0,NULL,45678901234,1),(526,20000.00,10.00,22000.00,0,NULL,45678901234,2),(527,20000.00,10.00,22000.00,0,NULL,45678901234,3),(528,20000.00,10.00,22000.00,0,NULL,45678901234,3),(529,20000.00,10.00,22000.00,0,NULL,45678901234,4),(530,20000.00,10.00,22000.00,0,NULL,45678901234,5),(531,20000.00,10.00,22000.00,0,NULL,45678901234,5),(532,20000.00,10.00,22000.00,0,NULL,45678901234,6),(533,20000.00,10.00,22000.00,0,NULL,45678901234,6),(534,20000.00,10.00,22000.00,0,NULL,45678901234,7),(535,20000.00,10.00,22000.00,0,NULL,45678901234,7),(536,20000.00,10.00,22000.00,0,NULL,45678901234,8),(537,20000.00,10.00,22000.00,0,NULL,45678901234,8),(538,20000.00,10.00,22000.00,0,NULL,45678901234,9),(539,20000.00,10.00,22000.00,0,NULL,45678901234,9),(540,20000.00,10.00,22000.00,0,NULL,45678901234,10),(541,20000.00,10.00,22000.00,0,NULL,45678901234,10),(542,20000.00,10.00,22000.00,0,NULL,56789012345,1),(543,20000.00,10.00,22000.00,0,NULL,56789012345,1),(544,20000.00,10.00,22000.00,0,NULL,56789012345,2),(545,20000.00,10.00,22000.00,0,NULL,56789012345,3),(546,20000.00,10.00,22000.00,0,NULL,56789012345,3),(547,20000.00,10.00,22000.00,0,NULL,56789012345,4),(548,20000.00,10.00,22000.00,0,NULL,56789012345,4),(549,20000.00,10.00,22000.00,0,NULL,56789012345,5),(550,20000.00,10.00,22000.00,0,NULL,56789012345,5),(551,20000.00,10.00,22000.00,0,NULL,56789012345,6),(552,20000.00,10.00,22000.00,0,NULL,56789012345,6),(553,20000.00,10.00,22000.00,0,NULL,56789012345,7),(554,20000.00,10.00,22000.00,0,NULL,56789012345,7),(555,20000.00,10.00,22000.00,0,NULL,56789012345,8),(556,20000.00,10.00,22000.00,0,NULL,56789012345,8),(557,20000.00,10.00,22000.00,0,NULL,56789012345,9),(558,20000.00,10.00,22000.00,0,NULL,56789012345,9),(559,20000.00,10.00,22000.00,0,NULL,56789012345,10),(560,20000.00,10.00,22000.00,0,NULL,56789012345,10),(561,20000.00,10.00,22000.00,0,NULL,67890123456,1),(562,20000.00,10.00,22000.00,0,NULL,67890123456,1),(563,20000.00,10.00,22000.00,0,NULL,67890123456,2),(564,20000.00,10.00,22000.00,0,NULL,67890123456,2),(565,20000.00,10.00,22000.00,0,NULL,67890123456,3),(566,20000.00,10.00,22000.00,0,NULL,67890123456,3),(567,20000.00,10.00,22000.00,0,NULL,67890123456,4),(568,20000.00,10.00,22000.00,0,NULL,67890123456,4),(569,20000.00,10.00,22000.00,0,NULL,67890123456,5),(570,20000.00,10.00,22000.00,0,NULL,67890123456,5),(571,20000.00,10.00,22000.00,0,NULL,67890123456,6),(572,20000.00,10.00,22000.00,0,NULL,67890123456,6),(573,20000.00,10.00,22000.00,0,NULL,67890123456,7),(574,20000.00,10.00,22000.00,0,NULL,67890123456,8),(575,20000.00,10.00,22000.00,0,NULL,67890123456,8),(576,20000.00,10.00,22000.00,0,NULL,67890123456,9),(577,20000.00,10.00,22000.00,0,NULL,67890123456,9),(578,20000.00,10.00,22000.00,0,NULL,67890123456,10),(579,20000.00,10.00,22000.00,0,NULL,67890123456,10),(580,20000.00,10.00,22000.00,0,NULL,78901234567,1),(581,20000.00,10.00,22000.00,0,NULL,78901234567,1),(582,20000.00,10.00,22000.00,0,NULL,78901234567,2),(583,20000.00,10.00,22000.00,0,NULL,78901234567,2),(584,20000.00,10.00,22000.00,0,NULL,78901234567,2),(585,20000.00,10.00,22000.00,0,NULL,78901234567,3),(586,20000.00,10.00,22000.00,0,NULL,78901234567,3),(587,20000.00,10.00,22000.00,0,NULL,78901234567,3),(588,20000.00,10.00,22000.00,0,NULL,78901234567,4),(589,20000.00,10.00,22000.00,0,NULL,78901234567,4),(590,20000.00,10.00,22000.00,0,NULL,78901234567,4),(591,20000.00,10.00,22000.00,0,NULL,78901234567,5),(592,20000.00,10.00,22000.00,0,NULL,78901234567,5),(593,20000.00,10.00,22000.00,0,NULL,78901234567,6),(594,20000.00,10.00,22000.00,0,NULL,78901234567,6),(595,20000.00,10.00,22000.00,0,NULL,78901234567,6),(596,20000.00,10.00,22000.00,0,NULL,78901234567,7),(597,20000.00,10.00,22000.00,0,NULL,78901234567,7),(598,20000.00,10.00,22000.00,0,NULL,78901234567,7),(599,20000.00,10.00,22000.00,0,NULL,78901234567,8),(600,20000.00,10.00,22000.00,0,NULL,78901234567,8),(601,20000.00,10.00,22000.00,0,NULL,78901234567,8),(602,20000.00,10.00,22000.00,0,NULL,78901234567,9),(603,20000.00,10.00,22000.00,0,NULL,78901234567,9),(604,20000.00,10.00,22000.00,0,NULL,78901234567,10),(605,20000.00,10.00,22000.00,0,NULL,78901234567,10),(606,20000.00,10.00,22000.00,0,NULL,78901234567,10),(607,20000.00,10.00,22000.00,0,NULL,89012345678,1),(608,20000.00,10.00,22000.00,0,NULL,89012345678,1),(609,20000.00,10.00,22000.00,0,NULL,89012345678,2),(610,20000.00,10.00,22000.00,0,NULL,89012345678,2),(611,20000.00,10.00,22000.00,0,NULL,89012345678,2),(612,20000.00,10.00,22000.00,0,NULL,89012345678,3),(613,20000.00,10.00,22000.00,0,NULL,89012345678,3),(614,20000.00,10.00,22000.00,0,NULL,89012345678,3),(615,20000.00,10.00,22000.00,0,NULL,89012345678,4),(616,20000.00,10.00,22000.00,0,NULL,89012345678,4),(617,20000.00,10.00,22000.00,0,NULL,89012345678,4),(618,20000.00,10.00,22000.00,0,NULL,89012345678,5),(619,20000.00,10.00,22000.00,0,NULL,89012345678,5),(620,20000.00,10.00,22000.00,0,NULL,89012345678,6),(621,20000.00,10.00,22000.00,0,NULL,89012345678,7),(622,20000.00,10.00,22000.00,0,NULL,89012345678,8),(623,20000.00,10.00,22000.00,0,NULL,89012345678,9),(624,20000.00,10.00,22000.00,0,NULL,89012345678,10),(625,20000.00,10.00,22000.00,0,NULL,90123456789,1),(626,20000.00,10.00,22000.00,0,NULL,89012345678,6),(627,20000.00,10.00,22000.00,0,NULL,90123456789,2),(628,20000.00,10.00,22000.00,0,NULL,90123456789,2),(629,20000.00,10.00,22000.00,0,NULL,90123456789,3),(630,20000.00,10.00,22000.00,0,NULL,90123456789,3),(631,20000.00,10.00,22000.00,0,NULL,90123456789,4),(632,20000.00,10.00,22000.00,0,NULL,90123456789,4),(633,20000.00,10.00,22000.00,0,NULL,90123456789,5),(634,20000.00,10.00,22000.00,0,NULL,90123456789,5),(635,20000.00,10.00,22000.00,0,NULL,90123456789,6),(636,20000.00,10.00,22000.00,0,NULL,90123456789,6),(637,20000.00,10.00,22000.00,0,NULL,90123456789,7),(638,20000.00,10.00,22000.00,0,NULL,90123456789,7),(639,20000.00,10.00,22000.00,0,NULL,90123456789,7),(640,20000.00,10.00,22000.00,0,NULL,90123456789,8),(641,20000.00,10.00,22000.00,0,NULL,90123456789,8),(642,20000.00,10.00,22000.00,0,NULL,90123456789,9),(643,20000.00,10.00,22000.00,0,NULL,90123456789,9),(644,20000.00,10.00,20000.00,1,'2024-08-26',90123456789,4),(645,33000.00,10.00,33000.00,1,'2024-08-26',12345678912,6),(646,200000.00,10.00,200000.00,1,NULL,201502250,4),(647,80000.00,10.00,80000.00,1,'2024-08-26',20000000008,5),(648,25000.00,35.00,25000.00,1,'2024-08-26',20315118897,3),(649,45000.00,10.00,45000.00,1,'2024-08-26',12345678912,2);
/*!40000 ALTER TABLE `administracion_alumnos_cuota` ENABLE KEYS */;
UNLOCK TABLES;

--
-- Table structure for table `administracion_alumnos_mes`
--

DROP TABLE IF EXISTS `administracion_alumnos_mes`;
/*!40101 SET @saved_cs_client     = @@character_set_client */;
/*!50503 SET character_set_client = utf8mb4 */;
CREATE TABLE `administracion_alumnos_mes` (
  `id` bigint NOT NULL AUTO_INCREMENT,
  `nombre` varchar(20) NOT NULL,
  PRIMARY KEY (`id`)
) ENGINE=InnoDB AUTO_INCREMENT=11 DEFAULT CHARSET=utf8mb4 COLLATE=utf8mb4_0900_ai_ci;
/*!40101 SET character_set_client = @saved_cs_client */;

--
-- Dumping data for table `administracion_alumnos_mes`
--

LOCK TABLES `administracion_alumnos_mes` WRITE;
/*!40000 ALTER TABLE `administracion_alumnos_mes` DISABLE KEYS */;
INSERT INTO `administracion_alumnos_mes` VALUES (1,'Marzo'),(2,'Abril'),(3,'Mayo'),(4,'Junio'),(5,'Julio'),(6,'Agosto'),(7,'Septiembre'),(8,'Octubre'),(9,'Noviembre'),(10,'Diciembre');
/*!40000 ALTER TABLE `administracion_alumnos_mes` ENABLE KEYS */;
UNLOCK TABLES;

--
-- Table structure for table `alumnos`
--

DROP TABLE IF EXISTS `alumnos`;
/*!40101 SET @saved_cs_client     = @@character_set_client */;
/*!50503 SET character_set_client = utf8mb4 */;
CREATE TABLE `alumnos` (
  `fecha_registro` datetime NOT NULL,
  `cuil_alumno` bigint NOT NULL,
  `apellidos_alumno` varchar(255) NOT NULL,
  `nombres_alumno` varchar(255) NOT NULL,
  `fecha_nacimiento_alumno` date NOT NULL,
  `genero_alumno` varchar(50) NOT NULL,
  `domicilio_residencia_alumno` varchar(255) NOT NULL,
  `localidad_residencia_alumno` varchar(255) NOT NULL,
  `provincia_residencia_alumno` varchar(255) NOT NULL,
  `codigo_postal_alumno` varchar(10) NOT NULL,
  `numero_telefonico_alumno` varchar(20) NOT NULL,
  `localidad_nacimiento_alumno` varchar(255) NOT NULL,
  `provincia_nacimiento_alumno` varchar(255) NOT NULL,
  `nacionalidad_alumno` varchar(255) NOT NULL,
  `cuil_tutor` bigint NOT NULL,
  `apellido_nombre_tutor` varchar(255) NOT NULL,
  `telefono_tutor` varchar(20) NOT NULL,
  `domicilio_tutor` varchar(255) NOT NULL,
  `localidad_tutor` varchar(255) NOT NULL,
  `provincia_tutor` varchar(255) NOT NULL,
  `codigo_postal_tutor` varchar(10) NOT NULL,
  `inscripcion_pagada` tinyint(1) NOT NULL,
  PRIMARY KEY (`cuil_alumno`)
) ENGINE=InnoDB DEFAULT CHARSET=utf8mb4 COLLATE=utf8mb4_0900_ai_ci;
/*!40101 SET character_set_client = @saved_cs_client */;

--
-- Dumping data for table `alumnos`
--

LOCK TABLES `alumnos` WRITE;
/*!40000 ALTER TABLE `alumnos` DISABLE KEYS */;
INSERT INTO `alumnos` VALUES ('2022-09-30 08:14:28',201502250,'szdsaafsdgfhj','Juancho','2010-05-15','Masculino','123 Main St','Springfield','IL','62704','555-1234','Springfield','IL','USA',98765432101,'Jane Doe','555-5678','456 Elm St','Springfield','IL','62704',1),('2022-09-30 08:14:28',12345678901,'Smith','Juancho','2010-05-15','Masculino','123 Main St','Springfield','IL','62704','555-1234','Springfield','IL','USA',98765432101,'Jane Doe','555-5678','456 Elm St','Springfield','IL','62704',0),('2023-01-30 07:18:59',12345678912,'Lopez','Jose','2008-08-05','fe','123 Cedar St','National City','CA','91950','555-0123','National City','CA','USA',9876543210,'Michael Lopez','555-4567','456 Willow St','National City','CA','91950',0),('2024-05-29 12:00:00',20000000001,'Gczxcxcxzcxc','Juan','2010-01-01','Masculino','Calle Falsa 123','Ciudad A','Provincia X','1234','1234567890','Ciudad A','Provincia X','Argentina',30000000001,'Tutor 1','0987654321','Calle Tutor 1','Ciudad B','Provincia Y','5678',0),('2024-05-29 12:00:00',20000000002,'Pérez','María','2011-02-02','Femenino','Avenida Siempreviva 742','Ciudad B','Provincia Y','2345','2345678901','Ciudad B','Provincia Y','Argentina',30000000002,'Tutor 2','9876543210','Avenida Tutor 2','Ciudad C','Provincia Z','6789',0),('2024-05-29 12:00:00',20000000003,'Fernández','Carlos','2012-03-03','Masculino','Calle Ejemplo 456','Ciudad C','Provincia Z','3456','3456789012','Ciudad C','Provincia Z','Argentina',30000000003,'Tutor 3','8765432109','Calle Tutor 3','Ciudad D','Provincia W','7890',1),('2024-05-29 12:00:00',20000000004,'Martínez','Lucía','2013-04-04','Femenino','Calle Verde 789','Ciudad D','Provincia W','4567','4567890123','Ciudad D','Provincia W','Argentina',30000000004,'Tutor 4','7654321098','Avenida Tutor 4','Ciudad E','Provincia V','8901',0),('2024-05-29 12:00:00',20000000008,'López','Ana','2010-08-08','Femenino','Calle Blanca 404','Ciudad H','Provincia S','8901','8901234567','Ciudad H','Provincia S','Argentina',30000000008,'Tutor 8','3210987654','Avenida Tutor 8','Ciudad I','Provincia R','2345',1),('2024-05-29 12:00:00',20000000011,'Romero','Jorge','2012-11-11','Masculino','Calle Gris 707','Ciudad K','Provincia P','1234','1234567890','Ciudad K','Provincia P','Argentina',30000000011,'Tutor 11','9876543210','Calle Tutor 11','Ciudad L','Provincia O','5678',0),('2024-05-29 12:00:00',20000000012,'Torres','Laura','2013-12-12','Femenino','Avenida Azul 808','Ciudad L','Provincia O','2345','2345678901','Ciudad L','Provincia O','Argentina',30000000012,'Tutor 12','8765432109','Avenida Tutor 12','Ciudad M','Provincia N','6789',0),('2024-05-29 12:00:00',20000000013,'Vázquez','Mario','2009-01-01','Masculino','Calle Blanca 909','Ciudad M','Provincia N','3456','3456789012','Ciudad M','Provincia N','Argentina',30000000013,'Tutor 13','7654321098','Calle Tutor 13','Ciudad N','Provincia M','7890',0),('2024-05-29 12:00:00',20000000014,'Gutiérrez','Sofía','2010-02-02','Femenino','Avenida Amarilla 101','Ciudad N','Provincia M','4567','4567890123','Ciudad N','Provincia M','Argentina',30000000014,'Tutor 14','6543210987','Avenida Tutor 14','Ciudad O','Provincia L','8901',0),('2024-05-29 12:00:00',20000000015,'Rojas','Luis','2011-03-03','Masculino','Calle Verde 202','Ciudad O','Provincia L','5678','5678901234','Ciudad O','Provincia L','Argentina',30000000015,'Tutor 15','5432109876','Avenida Tutor 15','Ciudad P','Provincia K','9012',0),('2024-05-29 12:00:00',20000000016,'Molina','Ana','2012-04-04','Femenino','Avenida Roja 303','Ciudad P','Provincia K','6789','6789012345','Ciudad P','Provincia K','Argentina',30000000016,'Tutor 16','4321098765','Calle Tutor 16','Ciudad Q','Provincia J','0123',0),('2024-05-29 12:00:00',20000000017,'Silva','Jorge','2013-05-05','Masculino','Calle Negra 404','Ciudad Q','Provincia J','7890','7890123456','Ciudad Q','Provincia J','Argentina',30000000017,'Tutor 17','3210987654','Avenida Tutor 17','Ciudad R','Provincia I','2345',0),('2024-05-29 12:00:00',20000000018,'Ortega','Laura','2010-06-06','Femenino','Avenida Gris 505','Ciudad R','Provincia I','8901','8901234567','Ciudad R','Provincia I','Argentina',30000000018,'Tutor 18','2109876543','Calle Tutor 18','Ciudad S','Provincia H','3456',0),('2024-05-29 12:00:00',20000000019,'Castro','Martín','2011-07-07','Masculino','Calle Azul 606','Ciudad S','Provincia H','0123','0123456789','Ciudad S','Provincia H','Argentina',30000000019,'Tutor 19','1098765432','Avenida Tutor 19','Ciudad T','Provincia G','4567',0),('2024-05-29 12:00:00',20000000020,'Flores','María','2012-08-08','Femenino','Avenida Verde 707','Ciudad T','Provincia G','1234','1234567890','Ciudad T','Provincia G','Argentina',30000000020,'Tutor 20','0987654321','Calle Tutor 20','Ciudad U','Provincia F','5678',0),('2024-05-29 12:00:00',20000000021,'Sánchez','Carlos','2009-09-09','Masculino','Calle Roja 808','Ciudad U','Provincia F','2345','2345678901','Ciudad U','Provincia F','Argentina',30000000021,'Tutor 21','9876543210','Avenida Tutor 21','Ciudad V','Provincia E','6789',0),('2024-05-29 12:00:00',20000000022,'Ramírez','Ana','2011-10-10','Femenino','Calle Negra 909','Ciudad V','Provincia E','3456','3456789012','Ciudad V','Provincia E','Argentina',30000000022,'Tutor 22','8765432109','Calle Tutor 22','Ciudad W','Provincia D','7890',0),('2024-05-29 12:00:00',20000000023,'Alvarez','Luis','2012-11-11','Masculino','Avenida Blanca 101','Ciudad W','Provincia D','4567','4567890123','Ciudad W','Provincia D','Argentina',30000000023,'Tutor 23','7654321098','Calle Tutor 23','Ciudad X','Provincia C','8901',0),('2024-05-29 12:00:00',20000000024,'Núñez','Laura','2013-12-12','Femenino','Calle Amarilla 202','Ciudad X','Provincia C','5678','5678901234','Ciudad X','Provincia C','Argentina',30000000024,'Tutor 24','6543210987','Avenida Tutor 24','Ciudad Y','Provincia B','9012',0),('2024-05-29 12:00:00',20000000025,'Suárez','Mario','2009-01-01','Masculino','Calle Verde 303','Ciudad Y','Provincia B','6789','6789012345','Ciudad Y','Provincia B','Argentina',30000000025,'Tutor 25','5432109876','Avenida Tutor 25','Ciudad Z','Provincia A','0123',0),('2024-05-29 12:00:00',20000000026,'Ortiz','Sofía','2010-02-02','Femenino','Avenida Roja 404','Ciudad Z','Provincia A','7890','7890123456','Ciudad Z','Provincia A','Argentina',30000000026,'Tutor 26','4321098765','Calle Tutor 26','Ciudad A','Provincia X','2345',0),('2024-05-29 12:00:00',20000000027,'Medina','Juan','2011-03-03','Masculino','Calle Gris 505','Ciudad A','Provincia X','8901','8901234567','Ciudad A','Provincia X','Argentina',30000000027,'Tutor 27','3210987654','Avenida Tutor 27','Ciudad B','Provincia Y','3456',0),('2024-05-29 12:00:00',20000000028,'Navarro','María','2012-04-04','Femenino','Avenida Azul 606','Ciudad B','Provincia Y','0123','0123456789','Ciudad B','Provincia Y','Argentina',30000000028,'Tutor 28','2109876543','Calle Tutor 28','Ciudad C','Provincia Z','4567',0),('2024-05-29 12:00:00',20000000029,'Aguilar','Carlos','2013-05-05','Masculino','Calle Blanca 707','Ciudad C','Provincia Z','1234','1234567890','Ciudad C','Provincia Z','Argentina',30000000029,'Tutor 29','0987654321','Calle Tutor 29','Ciudad D','Provincia W','5678',0),('2024-05-29 12:00:00',20000000030,'Rivera','Ana','2010-06-06','Femenino','Avenida Verde 808','Ciudad D','Provincia W','2345','2345678901','Ciudad D','Provincia W','Argentina',30000000030,'Tutor 30','9876543210','Avenida Tutor 30','Ciudad E','Provincia V','6789',0),('2024-06-11 12:39:00',20112221112,'Ruter','hhoorkeke','1985-06-14','Masculino','dasdasdasd','asdasdas','dasdasdasd','3700','36354546','adasdasd','asdasdas','dasdad',20325444551,'adsasdas','dadas','dadadad','dada','adasdas','dasdas',0),('2024-05-29 00:55:49',20154891423,'Usuario','nombre','1995-12-19','Masculino','Ciudad','Cudad saenz peña','Chaco','3700','66588746','resistencia','chaco','Argentina',2031547852,'dfsdfdsf','654661655','6265565dfs','dsfdsfsdfds','Chaco','37222',0),('2024-05-29 21:09:54',20315118890,'Diaz','Alejandro Leonel','1985-05-29','Masculino','casa','casa','Chaco','3700','332343333','chaco','dchaco','Argentina',201188923,'sskssjsjsjj euejd','536372228','jdjdjjddjs','ssjsjjsj','Chaco','3700',0),('2024-05-28 00:20:19',20315118892,'Díaz','Alejandro Leonel','1985-06-20','Masculino','Calle 25 Bis entre 4 y 6 Bº obrero','Saenz Peña','Chaco','3700','3644597450','Saenz peña','Chaco','Argentina',20315118892,'Diaz, Alejandro Leonel','3644597450','Calle 25 bis entre 4 y 6','Presidencia Roque Sáenz Peña','Chaco','3700',0),('2024-05-31 20:28:33',20315118894,'Prueba Pracitca','viernes','1990-01-01','Masculino','Casa 1','saenz peña','Chaco','3700','336544','presidecia roque ','Chaco','Argentina',203512542,'kadnsjkjnads','6565445','dsfdsfsdfdsf','dsfdsfdsfsdf','Chaco','345435',0),('2024-06-05 20:25:28',20315118895,'fdsfsdfsdfsdf','ALEJANDRO LEONEL','1985-06-20','MASCULINO','DASASDADF','AFADSFASDFADSF','ADSFADSFDASF','3700','3664454848','ADFDASFADSF','ADFDAFASF','ADSFDASFADSF',20315118891,'sdfsdfsdfsd','3665455','sdfsdfsdfsdf','sdfsdfsdf','sdfsdfsdf','3700',0),('2024-06-05 20:25:28',20315118897,'DIAZ','ALEJANDRO LEONEL','1985-06-20','MASCULINO','DASASDADF','AFADSFASDFADSF','ADSFADSFDASF','3700','3664454848','ADFDASFADSF','ADFDAFASF','ADSFDASFADSF',20315118891,'sdfsdfsdfsd','3665455','sdfsdfsdfsdf','sdfsdfsdf','sdfsdfsdf','3700',1),('2024-05-29 21:02:57',20339392596,'Ojeda','Néstor Fabián ','1988-07-16','Masculino','Árbo y Blanco ','Comandante Fernández ','Chaco','3700','3644286065','Roque Sáenz Peña ','Chaco','Argentina',20339392596,'Clementina ','3644286065','Mz 5 parcela','Comandante Fernández ','Chaco','3700',0),('2024-05-28 00:23:50',20393098326,'Sandoval','Alexis Emanuel','1996-01-31','Masculino','Buenos Aires 46','Quitilipi','Chaco','3530','3644674907','Quitilipi','Chaco','Argentina',27141330239,'Billarreal Nelida','3644611401','Buenos Aires 46','Quitilipi','Chaco','3530',0),('2024-05-29 21:05:40',20450456285,'Galeano Sandoval','Cristian Agustin Ramon','2003-10-22','Masculino','Jdjdnd','Hdjdbdb','Chaco','3530','73474747','Jxjdjdb','Jdjdnd','Argentina',737474,'Jdjdhd','737474','Jdjfn','Jdjdjd','Chaco','3530',0),('2023-03-14 11:30:45',23456789012,'Doe','Jane','2008-11-23','Femenino','456 Oak St','Metropolis','NY','10001','555-2345','Metropolis','NY','USA',87654321012,'John Smith','555-6789','789 Pine St','Metropolis','NY','10001',0),('2023-01-19 08:15:32',34567890123,'Johnson','Emily','2012-07-09','Femenino','789 Birch St','Gotham','CA','90210','555-3456','Gotham','CA','USA',76543210901,'Michael Johnson','555-7890','321 Cedar St','Gotham','CA','90210',0),('2023-10-20 09:30:15',34567890124,'Wilson','Lucas','2010-12-01','Masculino','567 Oak St','Star City','TX','73301','555-6789','Star City','TX','USA',76543210902,'Anna Wilson','555-7891','876 Maple St','Star City','TX','73301',0),('2022-07-12 14:22:11',45678901234,'Brown','Michael','2006-02-25','Masculino','321 Pine St','Star City','TX','73301','555-4567','Star City','TX','USA',65432109801,'Sarah Brown','555-8901','654 Maple St','Star City','TX','73301',0),('2022-09-22 09:45:38',56789012345,'Davis','Sarah','2011-03-18','Femenino','654 Elm St','Metropolis','NY','10001','555-5678','Metropolis','NY','USA',54321098765,'William Davis','555-9012','987 Walnut St','Metropolis','NY','10001',0),('2023-02-10 16:18:49',67890123456,'Miller','David','2009-11-10','Masculino','987 Cedar St','Central City','FL','32901','555-6789','Central City','FL','USA',43210987654,'Jessica Miller','555-0123','123 Willow St','Central City','FL','32901',0),('2022-06-07 12:30:22',78901234567,'Garcia','Jessica','2007-09-27','Femenino','123 Willow St','National City','CA','91950','555-7890','National City','CA','USA',32109876543,'David Garcia','555-1234','456 Birch St','National City','CA','91950',0),('2023-03-25 15:52:33',89012345678,'Martinez','Daniel','2013-06-22','Masculino','456 Maple St','Star City','TX','73301','555-8901','Star City','TX','USA',21098765432,'Maria Martinez','555-2345','789 Oak St','Star City','TX','73301',0),('2022-11-15 18:25:44',90123456789,'Hernandez','Elizabeth','2010-01-13','Femenino','789 Pine St','Gotham','CA','90210','555-9012','Gotham','CA','USA',10987654321,'Daniel Hernandez','555-3456','123 Birch St','Gotham','CA','90210',1);
/*!40000 ALTER TABLE `alumnos` ENABLE KEYS */;
UNLOCK TABLES;

--
-- Table structure for table `auth_group`
--

DROP TABLE IF EXISTS `auth_group`;
/*!40101 SET @saved_cs_client     = @@character_set_client */;
/*!50503 SET character_set_client = utf8mb4 */;
CREATE TABLE `auth_group` (
  `id` int NOT NULL AUTO_INCREMENT,
  `name` varchar(150) NOT NULL,
  PRIMARY KEY (`id`),
  UNIQUE KEY `name` (`name`)
) ENGINE=InnoDB DEFAULT CHARSET=utf8mb4 COLLATE=utf8mb4_0900_ai_ci;
/*!40101 SET character_set_client = @saved_cs_client */;

--
-- Dumping data for table `auth_group`
--

LOCK TABLES `auth_group` WRITE;
/*!40000 ALTER TABLE `auth_group` DISABLE KEYS */;
/*!40000 ALTER TABLE `auth_group` ENABLE KEYS */;
UNLOCK TABLES;

--
-- Table structure for table `auth_group_permissions`
--

DROP TABLE IF EXISTS `auth_group_permissions`;
/*!40101 SET @saved_cs_client     = @@character_set_client */;
/*!50503 SET character_set_client = utf8mb4 */;
CREATE TABLE `auth_group_permissions` (
  `id` bigint NOT NULL AUTO_INCREMENT,
  `group_id` int NOT NULL,
  `permission_id` int NOT NULL,
  PRIMARY KEY (`id`),
  UNIQUE KEY `auth_group_permissions_group_id_permission_id_0cd325b0_uniq` (`group_id`,`permission_id`),
  KEY `auth_group_permissio_permission_id_84c5c92e_fk_auth_perm` (`permission_id`),
  CONSTRAINT `auth_group_permissio_permission_id_84c5c92e_fk_auth_perm` FOREIGN KEY (`permission_id`) REFERENCES `auth_permission` (`id`),
  CONSTRAINT `auth_group_permissions_group_id_b120cbf9_fk_auth_group_id` FOREIGN KEY (`group_id`) REFERENCES `auth_group` (`id`)
) ENGINE=InnoDB DEFAULT CHARSET=utf8mb4 COLLATE=utf8mb4_0900_ai_ci;
/*!40101 SET character_set_client = @saved_cs_client */;

--
-- Dumping data for table `auth_group_permissions`
--

LOCK TABLES `auth_group_permissions` WRITE;
/*!40000 ALTER TABLE `auth_group_permissions` DISABLE KEYS */;
/*!40000 ALTER TABLE `auth_group_permissions` ENABLE KEYS */;
UNLOCK TABLES;

--
-- Table structure for table `auth_permission`
--

DROP TABLE IF EXISTS `auth_permission`;
/*!40101 SET @saved_cs_client     = @@character_set_client */;
/*!50503 SET character_set_client = utf8mb4 */;
CREATE TABLE `auth_permission` (
  `id` int NOT NULL AUTO_INCREMENT,
  `name` varchar(255) NOT NULL,
  `content_type_id` int NOT NULL,
  `codename` varchar(100) NOT NULL,
  PRIMARY KEY (`id`),
  UNIQUE KEY `auth_permission_content_type_id_codename_01ab375a_uniq` (`content_type_id`,`codename`),
  CONSTRAINT `auth_permission_content_type_id_2f476e4b_fk_django_co` FOREIGN KEY (`content_type_id`) REFERENCES `django_content_type` (`id`)
) ENGINE=InnoDB AUTO_INCREMENT=69 DEFAULT CHARSET=utf8mb4 COLLATE=utf8mb4_0900_ai_ci;
/*!40101 SET character_set_client = @saved_cs_client */;

--
-- Dumping data for table `auth_permission`
--

LOCK TABLES `auth_permission` WRITE;
/*!40000 ALTER TABLE `auth_permission` DISABLE KEYS */;
INSERT INTO `auth_permission` VALUES (1,'Can add log entry',1,'add_logentry'),(2,'Can change log entry',1,'change_logentry'),(3,'Can delete log entry',1,'delete_logentry'),(4,'Can view log entry',1,'view_logentry'),(5,'Can add permission',2,'add_permission'),(6,'Can change permission',2,'change_permission'),(7,'Can delete permission',2,'delete_permission'),(8,'Can view permission',2,'view_permission'),(9,'Can add group',3,'add_group'),(10,'Can change group',3,'change_group'),(11,'Can delete group',3,'delete_group'),(12,'Can view group',3,'view_group'),(13,'Can add user',4,'add_user'),(14,'Can change user',4,'change_user'),(15,'Can delete user',4,'delete_user'),(16,'Can view user',4,'view_user'),(17,'Can add content type',5,'add_contenttype'),(18,'Can change content type',5,'change_contenttype'),(19,'Can delete content type',5,'delete_contenttype'),(20,'Can view content type',5,'view_contenttype'),(21,'Can add session',6,'add_session'),(22,'Can change session',6,'change_session'),(23,'Can delete session',6,'delete_session'),(24,'Can view session',6,'view_session'),(25,'Can add datos alumno',7,'add_datosalumno'),(26,'Can change datos alumno',7,'change_datosalumno'),(27,'Can delete datos alumno',7,'delete_datosalumno'),(28,'Can view datos alumno',7,'view_datosalumno'),(29,'Can add alumno',8,'add_alumno'),(30,'Can change alumno',8,'change_alumno'),(31,'Can delete alumno',8,'delete_alumno'),(32,'Can view alumno',8,'view_alumno'),(33,'Can add alumno',9,'add_alumno'),(34,'Can change alumno',9,'change_alumno'),(35,'Can delete alumno',9,'delete_alumno'),(36,'Can view alumno',9,'view_alumno'),(37,'Can add docente',10,'add_docente'),(38,'Can change docente',10,'change_docente'),(39,'Can delete docente',10,'delete_docente'),(40,'Can view docente',10,'view_docente'),(41,'Can add documento',11,'add_documento'),(42,'Can change documento',11,'change_documento'),(43,'Can delete documento',11,'delete_documento'),(44,'Can view documento',11,'view_documento'),(45,'Can add configuracion global',12,'add_configuracionglobal'),(46,'Can change configuracion global',12,'change_configuracionglobal'),(47,'Can delete configuracion global',12,'delete_configuracionglobal'),(48,'Can view configuracion global',12,'view_configuracionglobal'),(49,'Can add mes',13,'add_mes'),(50,'Can change mes',13,'change_mes'),(51,'Can delete mes',13,'delete_mes'),(52,'Can view mes',13,'view_mes'),(53,'Can add asistencia',14,'add_asistencia'),(54,'Can change asistencia',14,'change_asistencia'),(55,'Can delete asistencia',14,'delete_asistencia'),(56,'Can view asistencia',14,'view_asistencia'),(57,'Can add cuota',14,'add_cuota'),(58,'Can change cuota',14,'change_cuota'),(59,'Can delete cuota',14,'delete_cuota'),(60,'Can view cuota',14,'view_cuota'),(61,'Can add año lectivo',15,'add_añolectivo'),(62,'Can change año lectivo',15,'change_añolectivo'),(63,'Can delete año lectivo',15,'delete_añolectivo'),(64,'Can view año lectivo',15,'view_añolectivo'),(65,'Can add inscripcion',16,'add_inscripcion'),(66,'Can change inscripcion',16,'change_inscripcion'),(67,'Can delete inscripcion',16,'delete_inscripcion'),(68,'Can view inscripcion',16,'view_inscripcion');
/*!40000 ALTER TABLE `auth_permission` ENABLE KEYS */;
UNLOCK TABLES;

--
-- Table structure for table `auth_user`
--

DROP TABLE IF EXISTS `auth_user`;
/*!40101 SET @saved_cs_client     = @@character_set_client */;
/*!50503 SET character_set_client = utf8mb4 */;
CREATE TABLE `auth_user` (
  `id` int NOT NULL AUTO_INCREMENT,
  `password` varchar(128) NOT NULL,
  `last_login` datetime(6) DEFAULT NULL,
  `is_superuser` tinyint(1) NOT NULL,
  `username` varchar(150) NOT NULL,
  `first_name` varchar(150) NOT NULL,
  `last_name` varchar(150) NOT NULL,
  `email` varchar(254) NOT NULL,
  `is_staff` tinyint(1) NOT NULL,
  `is_active` tinyint(1) NOT NULL,
  `date_joined` datetime(6) NOT NULL,
  PRIMARY KEY (`id`),
  UNIQUE KEY `username` (`username`)
) ENGINE=InnoDB AUTO_INCREMENT=4 DEFAULT CHARSET=utf8mb4 COLLATE=utf8mb4_0900_ai_ci;
/*!40101 SET character_set_client = @saved_cs_client */;

--
-- Dumping data for table `auth_user`
--

LOCK TABLES `auth_user` WRITE;
/*!40000 ALTER TABLE `auth_user` DISABLE KEYS */;
INSERT INTO `auth_user` VALUES (1,'pbkdf2_sha256$720000$AVhxigOWE2uFjXouOlE4RF$vxFE6RxP7Lxy2Izbe1TYAGoc/lQyMosyRE0ABX/wwo8=','2024-07-25 19:52:56.657473',1,'bethania','','','tecnicatura.cienciadedatos@gmail.com',1,1,'2024-06-05 12:45:06.227755'),(2,'pbkdf2_sha256$720000$Ay45ji69Mm3ytBkHjB5kqK$rUPO8ijTljf2eh+dDhpA1fTjG5SydPSTKXd5WK5KFyA=',NULL,1,'fabi677','','','nestorfabi677@mail.com',1,1,'2024-06-06 00:44:56.822534'),(3,'pbkdf2_sha256$720000$sXDw1wXi7pEICCcCWI6lgP$6f3s1snwcoMKk301nxj0XpNyzNSf+v4i9vVbyjQb+K8=','2024-08-25 23:20:23.644218',1,'admin','','','',1,1,'2024-08-21 21:23:53.481886');
/*!40000 ALTER TABLE `auth_user` ENABLE KEYS */;
UNLOCK TABLES;

--
-- Table structure for table `auth_user_groups`
--

DROP TABLE IF EXISTS `auth_user_groups`;
/*!40101 SET @saved_cs_client     = @@character_set_client */;
/*!50503 SET character_set_client = utf8mb4 */;
CREATE TABLE `auth_user_groups` (
  `id` bigint NOT NULL AUTO_INCREMENT,
  `user_id` int NOT NULL,
  `group_id` int NOT NULL,
  PRIMARY KEY (`id`),
  UNIQUE KEY `auth_user_groups_user_id_group_id_94350c0c_uniq` (`user_id`,`group_id`),
  KEY `auth_user_groups_group_id_97559544_fk_auth_group_id` (`group_id`),
  CONSTRAINT `auth_user_groups_group_id_97559544_fk_auth_group_id` FOREIGN KEY (`group_id`) REFERENCES `auth_group` (`id`),
  CONSTRAINT `auth_user_groups_user_id_6a12ed8b_fk_auth_user_id` FOREIGN KEY (`user_id`) REFERENCES `auth_user` (`id`)
) ENGINE=InnoDB DEFAULT CHARSET=utf8mb4 COLLATE=utf8mb4_0900_ai_ci;
/*!40101 SET character_set_client = @saved_cs_client */;

--
-- Dumping data for table `auth_user_groups`
--

LOCK TABLES `auth_user_groups` WRITE;
/*!40000 ALTER TABLE `auth_user_groups` DISABLE KEYS */;
/*!40000 ALTER TABLE `auth_user_groups` ENABLE KEYS */;
UNLOCK TABLES;

--
-- Table structure for table `auth_user_user_permissions`
--

DROP TABLE IF EXISTS `auth_user_user_permissions`;
/*!40101 SET @saved_cs_client     = @@character_set_client */;
/*!50503 SET character_set_client = utf8mb4 */;
CREATE TABLE `auth_user_user_permissions` (
  `id` bigint NOT NULL AUTO_INCREMENT,
  `user_id` int NOT NULL,
  `permission_id` int NOT NULL,
  PRIMARY KEY (`id`),
  UNIQUE KEY `auth_user_user_permissions_user_id_permission_id_14a6b632_uniq` (`user_id`,`permission_id`),
  KEY `auth_user_user_permi_permission_id_1fbb5f2c_fk_auth_perm` (`permission_id`),
  CONSTRAINT `auth_user_user_permi_permission_id_1fbb5f2c_fk_auth_perm` FOREIGN KEY (`permission_id`) REFERENCES `auth_permission` (`id`),
  CONSTRAINT `auth_user_user_permissions_user_id_a95ead1b_fk_auth_user_id` FOREIGN KEY (`user_id`) REFERENCES `auth_user` (`id`)
) ENGINE=InnoDB DEFAULT CHARSET=utf8mb4 COLLATE=utf8mb4_0900_ai_ci;
/*!40101 SET character_set_client = @saved_cs_client */;

--
-- Dumping data for table `auth_user_user_permissions`
--

LOCK TABLES `auth_user_user_permissions` WRITE;
/*!40000 ALTER TABLE `auth_user_user_permissions` DISABLE KEYS */;
/*!40000 ALTER TABLE `auth_user_user_permissions` ENABLE KEYS */;
UNLOCK TABLES;

--
-- Table structure for table `años_lectivos`
--

DROP TABLE IF EXISTS `años_lectivos`;
/*!40101 SET @saved_cs_client     = @@character_set_client */;
/*!50503 SET character_set_client = utf8mb4 */;
CREATE TABLE `años_lectivos` (
  `id` bigint NOT NULL AUTO_INCREMENT,
  `año` int NOT NULL,
  `activo` tinyint(1) NOT NULL,
  PRIMARY KEY (`id`),
  UNIQUE KEY `año` (`año`)
) ENGINE=InnoDB DEFAULT CHARSET=utf8mb4 COLLATE=utf8mb4_0900_ai_ci;
/*!40101 SET character_set_client = @saved_cs_client */;

--
-- Dumping data for table `años_lectivos`
--

LOCK TABLES `años_lectivos` WRITE;
/*!40000 ALTER TABLE `años_lectivos` DISABLE KEYS */;
/*!40000 ALTER TABLE `años_lectivos` ENABLE KEYS */;
UNLOCK TABLES;

--
-- Table structure for table `django_admin_log`
--

DROP TABLE IF EXISTS `django_admin_log`;
/*!40101 SET @saved_cs_client     = @@character_set_client */;
/*!50503 SET character_set_client = utf8mb4 */;
CREATE TABLE `django_admin_log` (
  `id` int NOT NULL AUTO_INCREMENT,
  `action_time` datetime(6) NOT NULL,
  `object_id` longtext,
  `object_repr` varchar(200) NOT NULL,
  `action_flag` smallint unsigned NOT NULL,
  `change_message` longtext NOT NULL,
  `content_type_id` int DEFAULT NULL,
  `user_id` int NOT NULL,
  PRIMARY KEY (`id`),
  KEY `django_admin_log_content_type_id_c4bce8eb_fk_django_co` (`content_type_id`),
  KEY `django_admin_log_user_id_c564eba6_fk_auth_user_id` (`user_id`),
  CONSTRAINT `django_admin_log_content_type_id_c4bce8eb_fk_django_co` FOREIGN KEY (`content_type_id`) REFERENCES `django_content_type` (`id`),
  CONSTRAINT `django_admin_log_user_id_c564eba6_fk_auth_user_id` FOREIGN KEY (`user_id`) REFERENCES `auth_user` (`id`),
  CONSTRAINT `django_admin_log_chk_1` CHECK ((`action_flag` >= 0))
) ENGINE=InnoDB AUTO_INCREMENT=40 DEFAULT CHARSET=utf8mb4 COLLATE=utf8mb4_0900_ai_ci;
/*!40101 SET character_set_client = @saved_cs_client */;

--
-- Dumping data for table `django_admin_log`
--

LOCK TABLES `django_admin_log` WRITE;
/*!40000 ALTER TABLE `django_admin_log` DISABLE KEYS */;
INSERT INTO `django_admin_log` VALUES (1,'2024-08-25 18:30:07.028981','1','Marzo',1,'[{\"added\": {}}]',13,3),(2,'2024-08-25 18:30:18.078014','2','Abril',1,'[{\"added\": {}}]',13,3),(3,'2024-08-25 18:30:24.176313','2','Abril',2,'[]',13,3),(4,'2024-08-25 18:30:31.210737','3','Mayo',1,'[{\"added\": {}}]',13,3),(5,'2024-08-25 18:30:37.125193','4','Junio',1,'[{\"added\": {}}]',13,3),(6,'2024-08-25 18:30:40.041693','5','Julio',1,'[{\"added\": {}}]',13,3),(7,'2024-08-25 18:30:46.220410','6','Agosto',1,'[{\"added\": {}}]',13,3),(8,'2024-08-25 18:30:56.733562','7','Septiembre',1,'[{\"added\": {}}]',13,3),(9,'2024-08-25 18:31:02.191197','8','Octubre',1,'[{\"added\": {}}]',13,3),(10,'2024-08-25 18:31:05.869668','9','Noviembre',1,'[{\"added\": {}}]',13,3),(11,'2024-08-25 18:31:10.531253','10','Diciembre',1,'[{\"added\": {}}]',13,3),(12,'2024-08-25 18:35:10.737113','1','Lopez Jose - Marzo',1,'[{\"added\": {}}]',14,3),(13,'2024-08-25 22:53:31.135320','2','Fernández Carlos - Septiembre',1,'[{\"added\": {}}]',14,3),(14,'2024-08-25 22:54:19.709400','2','Fernández Carlos - Septiembre',2,'[{\"changed\": {\"fields\": [\"Pagado\", \"Fecha pago\"]}}]',14,3),(15,'2024-08-25 22:54:37.515148','1','Lopez Jose - Marzo',2,'[{\"changed\": {\"fields\": [\"Pagado\", \"Fecha pago\"]}}]',14,3),(16,'2024-08-25 22:55:02.858233','1','Lopez Jose - Marzo',2,'[{\"changed\": {\"fields\": [\"Total cuota\", \"Pagado\"]}}]',14,3),(17,'2024-08-25 23:21:44.117226','1','Configuración Global',1,'[{\"added\": {}}]',12,3),(18,'2024-08-25 23:22:35.064603','2','Configuración Global',1,'[{\"added\": {}}]',12,3),(19,'2024-08-25 23:23:00.445967','3','López Ana - Abril',1,'[{\"added\": {}}]',14,3),(20,'2024-08-25 23:27:47.468894','3','Configuración Global',1,'[{\"added\": {}}]',12,3),(21,'2024-08-25 23:28:47.922180','4','Configuración Global',1,'[{\"added\": {}}]',12,3),(22,'2024-08-25 23:29:24.268170','4','Martínez Lucía - Agosto',1,'[{\"added\": {}}]',14,3),(23,'2024-08-26 16:12:18.011395','90123456789','Hernandez Elizabeth',2,'[{\"changed\": {\"fields\": [\"Inscripcion\"]}}]',9,3),(24,'2024-08-26 16:13:31.663413','201502250','szdsaafsdgfhj Juancho',2,'[{\"changed\": {\"fields\": [\"Inscripcion\"]}}]',9,3),(25,'2024-08-26 16:29:15.759358','645','Lopez Jose - Junio',1,'[{\"added\": {}}]',14,3),(26,'2024-08-26 16:29:56.000930','645','Lopez Jose - Junio',2,'[{\"changed\": {\"fields\": [\"Cuota\"]}}]',14,3),(27,'2024-08-26 16:30:30.740614','645','Lopez Jose - Agosto',2,'[{\"changed\": {\"fields\": [\"Mes\"]}}]',14,3),(28,'2024-08-27 00:26:08.998882','201502250','szdsaafsdgfhj Juancho',2,'[{\"changed\": {\"fields\": [\"Inscripcion pagada\"]}}]',9,3),(29,'2024-08-27 00:27:32.304112','646','szdsaafsdgfhj Juancho - Junio',1,'[{\"added\": {}}]',14,3),(30,'2024-08-27 00:28:34.540607','90123456789','Hernandez Elizabeth',2,'[{\"changed\": {\"fields\": [\"Inscripcion pagada\"]}}]',9,3),(31,'2024-08-27 00:28:52.762313','644','Hernandez Elizabeth - Junio',2,'[{\"changed\": {\"fields\": [\"Mes\", \"Pagado\", \"Fecha pago\"]}}]',14,3),(32,'2024-08-27 00:29:59.898118','647','Vázquez Mario - Junio',1,'[{\"added\": {}}]',14,3),(33,'2024-08-27 00:30:53.175809','20000000003','Fernández Carlos',2,'[{\"changed\": {\"fields\": [\"Inscripcion pagada\"]}}]',9,3),(34,'2024-08-27 00:32:18.208821','2','Fernández Carlos - Agosto',2,'[{\"changed\": {\"fields\": [\"Mes\"]}}]',14,3),(35,'2024-08-27 00:33:13.573190','647','López Ana - Julio',2,'[{\"changed\": {\"fields\": [\"Alumno\", \"Mes\", \"Cuota\", \"Total cuota\"]}}]',14,3),(36,'2024-08-27 00:34:11.357574','20000000008','López Ana',2,'[{\"changed\": {\"fields\": [\"Inscripcion pagada\"]}}]',9,3),(37,'2024-08-27 00:35:01.355265','20315118897','DIAZ ALEJANDRO LEONEL',2,'[{\"changed\": {\"fields\": [\"Inscripcion pagada\"]}}]',9,3),(38,'2024-08-27 00:36:45.575970','648','DIAZ ALEJANDRO LEONEL - Mayo',1,'[{\"added\": {}}]',14,3),(39,'2024-08-27 01:48:52.367866','649','Lopez Jose - Abril',1,'[{\"added\": {}}]',14,3);
/*!40000 ALTER TABLE `django_admin_log` ENABLE KEYS */;
UNLOCK TABLES;

--
-- Table structure for table `django_content_type`
--

DROP TABLE IF EXISTS `django_content_type`;
/*!40101 SET @saved_cs_client     = @@character_set_client */;
/*!50503 SET character_set_client = utf8mb4 */;
CREATE TABLE `django_content_type` (
  `id` int NOT NULL AUTO_INCREMENT,
  `app_label` varchar(100) NOT NULL,
  `model` varchar(100) NOT NULL,
  PRIMARY KEY (`id`),
  UNIQUE KEY `django_content_type_app_label_model_76bd3d3b_uniq` (`app_label`,`model`)
) ENGINE=InnoDB AUTO_INCREMENT=17 DEFAULT CHARSET=utf8mb4 COLLATE=utf8mb4_0900_ai_ci;
/*!40101 SET character_set_client = @saved_cs_client */;

--
-- Dumping data for table `django_content_type`
--

LOCK TABLES `django_content_type` WRITE;
/*!40000 ALTER TABLE `django_content_type` DISABLE KEYS */;
INSERT INTO `django_content_type` VALUES (1,'admin','logentry'),(9,'administracion_alumnos','alumno'),(15,'administracion_alumnos','añolectivo'),(12,'administracion_alumnos','configuracionglobal'),(14,'administracion_alumnos','cuota'),(16,'administracion_alumnos','inscripcion'),(13,'administracion_alumnos','mes'),(10,'administracion_docentes','docente'),(8,'alumnos','alumno'),(7,'alumnos','datosalumno'),(3,'auth','group'),(2,'auth','permission'),(4,'auth','user'),(5,'contenttypes','contenttype'),(11,'documentos','documento'),(6,'sessions','session');
/*!40000 ALTER TABLE `django_content_type` ENABLE KEYS */;
UNLOCK TABLES;

--
-- Table structure for table `django_migrations`
--

DROP TABLE IF EXISTS `django_migrations`;
/*!40101 SET @saved_cs_client     = @@character_set_client */;
/*!50503 SET character_set_client = utf8mb4 */;
CREATE TABLE `django_migrations` (
  `id` bigint NOT NULL AUTO_INCREMENT,
  `app` varchar(255) NOT NULL,
  `name` varchar(255) NOT NULL,
  `applied` datetime(6) NOT NULL,
  PRIMARY KEY (`id`)
) ENGINE=InnoDB AUTO_INCREMENT=32 DEFAULT CHARSET=utf8mb4 COLLATE=utf8mb4_0900_ai_ci;
/*!40101 SET character_set_client = @saved_cs_client */;

--
-- Dumping data for table `django_migrations`
--

LOCK TABLES `django_migrations` WRITE;
/*!40000 ALTER TABLE `django_migrations` DISABLE KEYS */;
INSERT INTO `django_migrations` VALUES (1,'contenttypes','0001_initial','2024-05-28 03:37:05.093277'),(2,'auth','0001_initial','2024-05-28 03:37:06.035129'),(3,'admin','0001_initial','2024-05-28 03:37:06.254500'),(4,'admin','0002_logentry_remove_auto_add','2024-05-28 03:37:06.270125'),(5,'admin','0003_logentry_add_action_flag_choices','2024-05-28 03:37:06.285755'),(6,'alumnos','0001_initial','2024-05-28 03:37:06.335657'),(7,'contenttypes','0002_remove_content_type_name','2024-05-28 03:37:06.489745'),(8,'auth','0002_alter_permission_name_max_length','2024-05-28 03:37:06.598657'),(9,'auth','0003_alter_user_email_max_length','2024-05-28 03:37:06.661716'),(10,'auth','0004_alter_user_username_opts','2024-05-28 03:37:06.677227'),(11,'auth','0005_alter_user_last_login_null','2024-05-28 03:37:06.771393'),(12,'auth','0006_require_contenttypes_0002','2024-05-28 03:37:06.787112'),(13,'auth','0007_alter_validators_add_error_messages','2024-05-28 03:37:06.802771'),(14,'auth','0008_alter_user_username_max_length','2024-05-28 03:37:06.927816'),(15,'auth','0009_alter_user_last_name_max_length','2024-05-28 03:37:07.045457'),(16,'auth','0010_alter_group_name_max_length','2024-05-28 03:37:07.107977'),(17,'auth','0011_update_proxy_permissions','2024-05-28 03:37:07.139683'),(18,'auth','0012_alter_user_first_name_max_length','2024-05-28 03:37:07.280776'),(19,'sessions','0001_initial','2024-05-28 03:37:07.359521'),(20,'administracion_alumnos','0001_initial','2024-06-10 01:43:58.504873'),(21,'administracion_docentes','0001_initial','2024-06-23 14:12:51.026931'),(22,'documentos','0001_initial','2024-07-25 20:56:43.381545'),(23,'administracion_alumnos','0002_configuracionglobal_mes_alumno_inscripcion_and_more','2024-08-25 18:04:45.896612'),(24,'administracion_alumnos','0003_alter_alumno_fecha_registro','2024-08-25 22:11:44.503486'),(25,'administracion_alumnos','0004_configuracionglobal_fecha_actualizacion_and_more','2024-08-25 22:25:16.141944'),(26,'administracion_alumnos','0005_remove_alumno_alergia_alumno_and_more','2024-08-25 22:51:31.710631'),(27,'administracion_alumnos','0006_remove_alumno_fecha_inscripcion_alumno_inscripcion','2024-08-26 03:11:50.718877'),(28,'administracion_alumnos','0007_rename_asistencia_cuota','2024-08-27 01:38:41.353780'),(29,'administracion_alumnos','0008_añolectivo_remove_alumno_inscripcion_and_more','2024-08-27 22:23:40.105243'),(30,'administracion_alumnos','0009_alter_inscripcion_año_lectivo','2024-08-27 22:23:40.126487'),(31,'administracion_alumnos','0010_alter_añolectivo_año','2024-08-27 22:23:40.143013');
/*!40000 ALTER TABLE `django_migrations` ENABLE KEYS */;
UNLOCK TABLES;

--
-- Table structure for table `django_session`
--

DROP TABLE IF EXISTS `django_session`;
/*!40101 SET @saved_cs_client     = @@character_set_client */;
/*!50503 SET character_set_client = utf8mb4 */;
CREATE TABLE `django_session` (
  `session_key` varchar(40) NOT NULL,
  `session_data` longtext NOT NULL,
  `expire_date` datetime(6) NOT NULL,
  PRIMARY KEY (`session_key`),
  KEY `django_session_expire_date_a5c62663` (`expire_date`)
) ENGINE=InnoDB DEFAULT CHARSET=utf8mb4 COLLATE=utf8mb4_0900_ai_ci;
/*!40101 SET character_set_client = @saved_cs_client */;

--
-- Dumping data for table `django_session`
--

LOCK TABLES `django_session` WRITE;
/*!40000 ALTER TABLE `django_session` DISABLE KEYS */;
INSERT INTO `django_session` VALUES ('0uxtshq253ggki6t5ssjc8a6mti4nsnf','.eJxVjMsOwiAQRf-FtSGUNy7d-w1kGAapGkhKuzL-uzbpQrf3nHNfLMK21rgNWuKc2ZkpdvrdEuCD2g7yHdqtc-xtXebEd4UfdPBrz_S8HO7fQYVRv7VJLuUSpERFZAnBCkAnQWhPFoK3tiihpyDJoFbBGieV8WUCA5R1KOz9AfJIN-I:1siMX1:HR3k_h5lcV9U0msC1FVxmE1oiVb1kwsIg7KGQvvoqV4','2024-09-08 23:20:23.659883'),('0yg4tcufzgjzzya7scpaxj7vexcdlw33','.eJxVjEEOwiAQRe_C2hCgHQou3XsGMjCDVA0kpV0Z765NutDtf-_9lwi4rSVsnZcwkzgLLU6_W8T04LoDumO9NZlaXZc5yl2RB-3y2oifl8P9OyjYy7dmB4MlpXOaHODE2VhP2elxAG2BmBOhMQB2SIyoPRhPUTnlk3MRRy_eH-QvN-Q:1sGSt4:kEzbdkoNceSt7w0ndKnQiirtnXlxf9uZDs3Jgcy3rbI','2024-06-24 00:27:50.907983'),('1d5uv42wwd2lqwaich4uturscq4vxda5','.eJxVjEEKwyAQAP_iuciqiS499t43yOpuatpiICan0L8XIYf2OjPMoSLtW4l7kzXOrK7KqMsvS5RfUrvgJ9XHovNSt3VOuif6tE3fF5b37Wz_BoVa6VtAZD8JWMcseTAQQAADusxGJp9AUqBE1jgHA1p0hm1mB4H8OEJWny_dHTd-:1sF0oH:9zWfQHY8jImWbzjNRw8X_ADG-APWZe29wVujifOd_Z8','2024-06-20 00:16:53.303470'),('2qml9g9i5gzrzfgatetbhetef0orlz01','.eJxVjMsOwiAQRf-FtSGUNy7d-w1kGAapGkhKuzL-uzbpQrf3nHNfLMK21rgNWuKc2ZkpdvrdEuCD2g7yHdqtc-xtXebEd4UfdPBrz_S8HO7fQYVRv7VJLuUSpERFZAnBCkAnQWhPFoK3tiihpyDJoFbBGieV8WUCA5R1KOz9AfJIN-I:1siHmr:Y6328Qh_IplQKR57gJBMA3Ht1xxl3HSxNmA_ayt-CNc','2024-09-08 18:16:25.944809'),('4fqvhovhpajzia64jh8beph6771u9oui','.eJxVjEEOwiAQRe_C2hCgHQou3XsGMjCDVA0kpV0Z765NutDtf-_9lwi4rSVsnZcwkzgLLU6_W8T04LoDumO9NZlaXZc5yl2RB-3y2oifl8P9OyjYy7dmB4MlpXOaHODE2VhP2elxAG2BmBOhMQB2SIyoPRhPUTnlk3MRRy_eH-QvN-Q:1sG1Co:xmjq9HqDguVR32l14dzzxxgcdRy-vktjk9M6lIQzLIo','2024-06-22 18:54:22.253305'),('7drnx7tol2cm638d4l1yumwazg9j0y7v','.eJxVjEEKwyAQAP_iuciqiS499t43yOpuatpiICan0L8XIYf2OjPMoSLtW4l7kzXOrK7KqMsvS5RfUrvgJ9XHovNSt3VOuif6tE3fF5b37Wz_BoVa6VtAZD8JWMcseTAQQAADusxGJp9AUqBE1jgHA1p0hm1mB4H8OEJWny_dHTd-:1sF1Kc:EWq1h4XZ-hYowD0i1W0gUlmoJDkOcWyv5S_Rz7AjiXU','2024-06-20 00:50:18.986283'),('90gmds13ewbp2o0zfy286usxszdppd59','.eJxVjEEOwiAQRe_C2hCgHQou3XsGMjCDVA0kpV0Z765NutDtf-_9lwi4rSVsnZcwkzgLLU6_W8T04LoDumO9NZlaXZc5yl2RB-3y2oifl8P9OyjYy7dmB4MlpXOaHODE2VhP2elxAG2BmBOhMQB2SIyoPRhPUTnlk3MRRy_eH-QvN-Q:1sH5ni:XINvPuWOxkTc9boqhs7XiupLG8jdgQbwP5znSx75EAw','2024-06-25 18:00:54.047321'),('9gu3r5dmfirhihcf94u27v5oile0ggwk','.eJxVjEEOwiAQRe_C2hCgHQou3XsGMjCDVA0kpV0Z765NutDtf-_9lwi4rSVsnZcwkzgLLU6_W8T04LoDumO9NZlaXZc5yl2RB-3y2oifl8P9OyjYy7dmB4MlpXOaHODE2VhP2elxAG2BmBOhMQB2SIyoPRhPUTnlk3MRRy_eH-QvN-Q:1sLCUr:vG636JMnigUmjWYu0r6sRDXhxPNwJsk_zVe4o3ytriw','2024-07-07 01:58:25.242244'),('b0msakorfkskt0g6dyczrhbiodnvqvvn','.eJxVjEEKwyAQAP_iuciqiS499t43yOpuatpiICan0L8XIYf2OjPMoSLtW4l7kzXOrK7KqMsvS5RfUrvgJ9XHovNSt3VOuif6tE3fF5b37Wz_BoVa6VtAZD8JWMcseTAQQAADusxGJp9AUqBE1jgHA1p0hm1mB4H8OEJWny_dHTd-:1sFASs:1aheXm5GJstLwZ_CUnqVvsyKQ3JvZffLJGDjwu9C2U8','2024-06-20 10:35:26.362204'),('biboz97ri5ta5dy36cjcyzqcq2jh9osp','.eJxVjEEOwiAQRe_C2hCgHQou3XsGMjCDVA0kpV0Z765NutDtf-_9lwi4rSVsnZcwkzgLLU6_W8T04LoDumO9NZlaXZc5yl2RB-3y2oifl8P9OyjYy7dmB4MlpXOaHODE2VhP2elxAG2BmBOhMQB2SIyoPRhPUTnlk3MRRy_eH-QvN-Q:1sFgqL:sH1LfpxCkWAe4A0DCjTlKc5yKGv6yQnDzGDqFpP8PbA','2024-06-21 21:09:49.569087'),('duub4zkta3mjcpbj4a1lrjtxtnzl2kzh','.eJxVjMsOwiAQRf-FtSGUNy7d-w1kGAapGkhKuzL-uzbpQrf3nHNfLMK21rgNWuKc2ZkpdvrdEuCD2g7yHdqtc-xtXebEd4UfdPBrz_S8HO7fQYVRv7VJLuUSpERFZAnBCkAnQWhPFoK3tiihpyDJoFbBGieV8WUCA5R1KOz9AfJIN-I:1si12M:rnUc2nfjPRVPY5_ezw60ysJfWyCc8iYbnZlRAR5PcRA','2024-09-08 00:23:18.407623'),('e8oqzlu3zcerttwh2xj235m6gu4t9dbm','.eJxVjEEOwiAQRe_C2hCgHQou3XsGMjCDVA0kpV0Z765NutDtf-_9lwi4rSVsnZcwkzgLLU6_W8T04LoDumO9NZlaXZc5yl2RB-3y2oifl8P9OyjYy7dmB4MlpXOaHODE2VhP2elxAG2BmBOhMQB2SIyoPRhPUTnlk3MRRy_eH-QvN-Q:1sH8un:KcFw5_i7HXHbGTM6ZFCsUPJM1YHcB_vg4op75V3oyNg','2024-06-25 21:20:25.527429'),('ednyxa74mfdr7o33m26hcolcc096ax44','.eJxVjMsOwiAQRf-FtSGUNy7d-w1kGAapGkhKuzL-uzbpQrf3nHNfLMK21rgNWuKc2ZkpdvrdEuCD2g7yHdqtc-xtXebEd4UfdPBrz_S8HO7fQYVRv7VJLuUSpERFZAnBCkAnQWhPFoK3tiihpyDJoFbBGieV8WUCA5R1KOz9AfJIN-I:1sgsoO:nzMtS_g0z53jMVwvh0uQgTD5kPqvNXnwPiBBrMNmBJM','2024-09-04 21:24:12.147737'),('ftz4nrql4xwl47aehn5e0by7rhojf2nu','.eJxVjEEOwiAQRe_C2hCgHQou3XsGMjCDVA0kpV0Z765NutDtf-_9lwi4rSVsnZcwkzgLLU6_W8T04LoDumO9NZlaXZc5yl2RB-3y2oifl8P9OyjYy7dmB4MlpXOaHODE2VhP2elxAG2BmBOhMQB2SIyoPRhPUTnlk3MRRy_eH-QvN-Q:1sFhQ2:Di3zCANcu1ICYLS6QZiAcohh70r3SQuWYsSmKNzEqtQ','2024-06-21 21:46:42.654797'),('hv3yxmt4pnuq3yjwt5296gwtm762beng','.eJxVjMsOwiAQRf-FtSGUNy7d-w1kGAapGkhKuzL-uzbpQrf3nHNfLMK21rgNWuKc2ZkpdvrdEuCD2g7yHdqtc-xtXebEd4UfdPBrz_S8HO7fQYVRv7VJLuUSpERFZAnBCkAnQWhPFoK3tiihpyDJoFbBGieV8WUCA5R1KOz9AfJIN-I:1siLWR:09Xn4k5UlBv7RhH08P_mZ4BtyB5pkoK7xdaJqK7o1rg','2024-09-08 22:15:43.017328'),('hyschzbsscn2p8ymqt2x1lcwxwm1tex2','.eJxVjEEKwyAQAP_iuciqiS499t43yOpuatpiICan0L8XIYf2OjPMoSLtW4l7kzXOrK7KqMsvS5RfUrvgJ9XHovNSt3VOuif6tE3fF5b37Wz_BoVa6VtAZD8JWMcseTAQQAADusxGJp9AUqBE1jgHA1p0hm1mB4H8OEJWny_dHTd-:1sEzdk:_ENqSCFkvi1veqQvcWHdefIfaPSNVlT7oylDqVX4cRk','2024-06-19 23:01:56.615148'),('i4qdprkyp4u458caj05nxlf3cikrhguh','.eJxVjEEOwiAQRe_C2hCgHQou3XsGMjCDVA0kpV0Z765NutDtf-_9lwi4rSVsnZcwkzgLLU6_W8T04LoDumO9NZlaXZc5yl2RB-3y2oifl8P9OyjYy7dmB4MlpXOaHODE2VhP2elxAG2BmBOhMQB2SIyoPRhPUTnlk3MRRy_eH-QvN-Q:1sGmZr:O7GNZGpTl2fMZvNcrFwNZEqM9VT0Ra7eMtzQn1DFM9c','2024-06-24 21:29:19.044066'),('l394qgbzgpwrn86a6g8bvpgq3sdjtii2','.eJxVjEEOwiAQRe_C2hCgHQou3XsGMjCDVA0kpV0Z765NutDtf-_9lwi4rSVsnZcwkzgLLU6_W8T04LoDumO9NZlaXZc5yl2RB-3y2oifl8P9OyjYy7dmB4MlpXOaHODE2VhP2elxAG2BmBOhMQB2SIyoPRhPUTnlk3MRRy_eH-QvN-Q:1sG1dI:kSdXQweOZw0pR35ttHrwXdO56QLQEkL9NXy7g3A-xG8','2024-06-22 19:21:44.035523'),('ldrzokgib0j0ikwavmwum9fvh7o97016','.eJxVjEEOwiAQRe_C2hCgHQou3XsGMjCDVA0kpV0Z765NutDtf-_9lwi4rSVsnZcwkzgLLU6_W8T04LoDumO9NZlaXZc5yl2RB-3y2oifl8P9OyjYy7dmB4MlpXOaHODE2VhP2elxAG2BmBOhMQB2SIyoPRhPUTnlk3MRRy_eH-QvN-Q:1sX4WG:MzayuhPMajE0hhGLq7xkSRmOFIOcrZW6J2VcD6iIS38','2024-08-08 19:52:56.673061'),('nzqtd3h5xbgr87gu1jgjn7l2opx8beyt','.eJxVjEEKwyAQAP_iuciqiS499t43yOpuatpiICan0L8XIYf2OjPMoSLtW4l7kzXOrK7KqMsvS5RfUrvgJ9XHovNSt3VOuif6tE3fF5b37Wz_BoVa6VtAZD8JWMcseTAQQAADusxGJp9AUqBE1jgHA1p0hm1mB4H8OEJWny_dHTd-:1sF17M:5BZfDV_t6YSyyZUC_X3DhFFJ6Y3AQuk9-258ZoCJQks','2024-06-20 00:36:36.599316'),('pr84ja8on2sgjeiyxv143pfqccr48ual','.eJxVjEEOwiAQRe_C2hCgHQou3XsGMjCDVA0kpV0Z765NutDtf-_9lwi4rSVsnZcwkzgLLU6_W8T04LoDumO9NZlaXZc5yl2RB-3y2oifl8P9OyjYy7dmB4MlpXOaHODE2VhP2elxAG2BmBOhMQB2SIyoPRhPUTnlk3MRRy_eH-QvN-Q:1sG1ZA:Iw_TXgoLox3D704KjCrX3XOzcvO_eKofP3hui4l7LLs','2024-06-22 19:17:28.525680'),('pxvibsgaowtywbagrktn35ryzw6hsw5b','.eJxVjEEOwiAQRe_C2hCgHQou3XsGMjCDVA0kpV0Z765NutDtf-_9lwi4rSVsnZcwkzgLLU6_W8T04LoDumO9NZlaXZc5yl2RB-3y2oifl8P9OyjYy7dmB4MlpXOaHODE2VhP2elxAG2BmBOhMQB2SIyoPRhPUTnlk3MRRy_eH-QvN-Q:1sH6Nj:r2bceVOVy1FW6yEs2YgeUychZpE7y_ZCoOiH4cqPC1s','2024-06-25 18:38:07.158939'),('qt41395pppai5mfpymoy2ehfgcsky646','.eJxVjEEKwyAQAP_iuciqiS499t43yOpuatpiICan0L8XIYf2OjPMoSLtW4l7kzXOrK7KqMsvS5RfUrvgJ9XHovNSt3VOuif6tE3fF5b37Wz_BoVa6VtAZD8JWMcseTAQQAADusxGJp9AUqBE1jgHA1p0hm1mB4H8OEJWny_dHTd-:1sEzBp:TZQTbWphuurZ87h0DmPY0YVWgvnWsjYfzKcUXBtdxJM','2024-06-19 22:33:05.624913'),('snac2ki272uv7bov7sfaoeru4wpkexd5','.eJxVjEEKwyAQAP_iuciqiS499t43yOpuatpiICan0L8XIYf2OjPMoSLtW4l7kzXOrK7KqMsvS5RfUrvgJ9XHovNSt3VOuif6tE3fF5b37Wz_BoVa6VtAZD8JWMcseTAQQAADusxGJp9AUqBE1jgHA1p0hm1mB4H8OEJWny_dHTd-:1sFASt:XwIq3Ro1_vJKQ6Vg5HktrUMsmP-NC4fvMa56QLhOJ2I','2024-06-20 10:35:27.096494'),('t362w58skpb4799d6fyjnvpo7ys807k2','.eJxVjEEOwiAQRe_C2hCgHQou3XsGMjCDVA0kpV0Z765NutDtf-_9lwi4rSVsnZcwkzgLLU6_W8T04LoDumO9NZlaXZc5yl2RB-3y2oifl8P9OyjYy7dmB4MlpXOaHODE2VhP2elxAG2BmBOhMQB2SIyoPRhPUTnlk3MRRy_eH-QvN-Q:1sFKRV:Joboa3DOEOEG44o7pZt0vAdNKX5MIdpW2r-4HMZCvds','2024-06-20 21:14:41.991035'),('t8tu4uq8a12epqhbv9q0elogz9pm9ozf','.eJxVjEEKwyAQAP_iuciqiS499t43yOpuatpiICan0L8XIYf2OjPMoSLtW4l7kzXOrK7KqMsvS5RfUrvgJ9XHovNSt3VOuif6tE3fF5b37Wz_BoVa6VtAZD8JWMcseTAQQAADusxGJp9AUqBE1jgHA1p0hm1mB4H8OEJWny_dHTd-:1sF0ZT:q-v2FRdT3b-Waci8O9gME2K2bnQpTtNVi4rGRoWx1-0','2024-06-20 00:01:35.904914'),('vnh6hzf08oe9gm4ssqs7fswybbt1rct6','.eJxVjEEKwyAQAP_iuciqiS499t43yOpuatpiICan0L8XIYf2OjPMoSLtW4l7kzXOrK7KqMsvS5RfUrvgJ9XHovNSt3VOuif6tE3fF5b37Wz_BoVa6VtAZD8JWMcseTAQQAADusxGJp9AUqBE1jgHA1p0hm1mB4H8OEJWny_dHTd-:1sEzcF:qeaEtc6cUdyiB62i3Ya0_vl2K40SYmi5ICliHEs4jr4','2024-06-19 23:00:23.668436'),('whle70f6lflwtayjj6pksdlsy969v4ql','.eJxVjEEKwyAQAP_iuciqiS499t43yOpuatpiICan0L8XIYf2OjPMoSLtW4l7kzXOrK7KqMsvS5RfUrvgJ9XHovNSt3VOuif6tE3fF5b37Wz_BoVa6VtAZD8JWMcseTAQQAADusxGJp9AUqBE1jgHA1p0hm1mB4H8OEJWny_dHTd-:1sF10c:deCJRJ47yCGUS_h0rhTtDHRItMZBjVL_6J-omPuMBVc','2024-06-20 00:29:38.369151');
/*!40000 ALTER TABLE `django_session` ENABLE KEYS */;
UNLOCK TABLES;

--
-- Table structure for table `docentes`
--

DROP TABLE IF EXISTS `docentes`;
/*!40101 SET @saved_cs_client     = @@character_set_client */;
/*!50503 SET character_set_client = utf8mb4 */;
CREATE TABLE `docentes` (
  `cuil` varchar(20) NOT NULL,
  `nombre` varchar(255) NOT NULL,
  `apellido` varchar(255) NOT NULL,
  `fecha_nacimiento` date NOT NULL,
  `genero` varchar(50) NOT NULL,
  `direccion` varchar(255) NOT NULL,
  `provincia` varchar(100) NOT NULL,
  `telefono` varchar(20) NOT NULL,
  `email` varchar(100) NOT NULL,
  `nacionalidad` varchar(100) NOT NULL,
  `titulo_academico` varchar(255) DEFAULT NULL,
  `especialidad` varchar(255) DEFAULT NULL,
  `anos_experiencia` int DEFAULT NULL,
  `idiomas` varchar(255) DEFAULT NULL,
  `certificaciones` varchar(255) DEFAULT NULL,
  `cursos_realizados` varchar(255) DEFAULT NULL,
  `fecha_ingreso` date NOT NULL,
  `numero_legajo` varchar(50) NOT NULL,
  `cargo` varchar(100) NOT NULL,
  `departamento` varchar(100) NOT NULL,
  `horario_trabajo` varchar(100) NOT NULL,
  `salario` decimal(10,2) DEFAULT NULL,
  `fecha_ultimo_ascenso` date DEFAULT NULL,
  `estado_laboral` varchar(50) DEFAULT NULL,
  `contacto_emergencia` varchar(255) DEFAULT NULL,
  `observaciones` text,
  `cuil_supervisor` varchar(20) DEFAULT NULL,
  `cursos_asignados` varchar(255) DEFAULT NULL,
  PRIMARY KEY (`cuil`),
  UNIQUE KEY `email` (`email`),
  UNIQUE KEY `numero_legajo` (`numero_legajo`),
  KEY `cuil_supervisor` (`cuil_supervisor`),
  CONSTRAINT `docentes_ibfk_1` FOREIGN KEY (`cuil_supervisor`) REFERENCES `docentes` (`cuil`)
) ENGINE=InnoDB DEFAULT CHARSET=utf8mb4 COLLATE=utf8mb4_0900_ai_ci;
/*!40101 SET character_set_client = @saved_cs_client */;

--
-- Dumping data for table `docentes`
--

LOCK TABLES `docentes` WRITE;
/*!40000 ALTER TABLE `docentes` DISABLE KEYS */;
INSERT INTO `docentes` VALUES ('20100000002','Juan','Juh','1985-06-12','masculino','Lopez Y Planes, 1145','Chaco','036446541241','aaaa@aaaa.com.ar','Argentino','jo','fdsfsdfs',12,'oj','oj','ojo','2020-04-12','16','docente','humanisticas','15',5488874.00,'2020-09-20','Activo','56456454','wewe',NULL,'2'),('20249312224','Eduardo Andres','Acosta','1976-01-21','Masculino','Superiora Palmira 284','Chaco','3644336208','eduardoacosta@uncaus.edu.ar','Argentino','Licenciatura en Analista en Sistemas','Profesor',14,'Español-Ingles','Varios','Varios','2016-03-01','3434','Profesor Practica Profesionalizante','Nivel Superior','34',45000.00,'2020-03-01','Activo','3644336208','',NULL,'Tec ciencia de datos'),('20315118895','Alejandro Leonel','Díaz','1985-06-20','a','Lopez Y Planes, 1039','Chaco','03644597450','admin@dalis.com.ar','Argentino','dfdfdf','fdsfsdfs',2,'oj','oj','b','2022-06-06','2323','jo','LOPEZ Y PLANES Nº 1039','jo',33434.00,'2020-06-06','Chaco','5656456465465','cffxcfdsf',NULL,'45454');
/*!40000 ALTER TABLE `docentes` ENABLE KEYS */;
UNLOCK TABLES;

--
-- Table structure for table `documentos_documento`
--

DROP TABLE IF EXISTS `documentos_documento`;
/*!40101 SET @saved_cs_client     = @@character_set_client */;
/*!50503 SET character_set_client = utf8mb4 */;
CREATE TABLE `documentos_documento` (
  `id` bigint NOT NULL AUTO_INCREMENT,
  `archivo` varchar(100) NOT NULL,
  `nombre` varchar(255) NOT NULL,
  PRIMARY KEY (`id`)
) ENGINE=InnoDB AUTO_INCREMENT=6 DEFAULT CHARSET=utf8mb4 COLLATE=utf8mb4_0900_ai_ci;
/*!40101 SET character_set_client = @saved_cs_client */;

--
-- Dumping data for table `documentos_documento`
--

LOCK TABLES `documentos_documento` WRITE;
/*!40000 ALTER TABLE `documentos_documento` DISABLE KEYS */;
INSERT INTO `documentos_documento` VALUES (1,'documentos/DALIS.jpg','Alejandro'),(2,'documentos/Monografía.docx','Monografia'),(3,'documentos/25.cdr','a'),(4,'documentos/01_fbnNxHp.jpg','ale'),(5,'documentos/reporte_mantenimientos.pdf','Mantenimiento');
/*!40000 ALTER TABLE `documentos_documento` ENABLE KEYS */;
UNLOCK TABLES;
/*!40103 SET TIME_ZONE=@OLD_TIME_ZONE */;

/*!40101 SET SQL_MODE=@OLD_SQL_MODE */;
/*!40014 SET FOREIGN_KEY_CHECKS=@OLD_FOREIGN_KEY_CHECKS */;
/*!40014 SET UNIQUE_CHECKS=@OLD_UNIQUE_CHECKS */;
/*!40101 SET CHARACTER_SET_CLIENT=@OLD_CHARACTER_SET_CLIENT */;
/*!40101 SET CHARACTER_SET_RESULTS=@OLD_CHARACTER_SET_RESULTS */;
/*!40101 SET COLLATION_CONNECTION=@OLD_COLLATION_CONNECTION */;
/*!40111 SET SQL_NOTES=@OLD_SQL_NOTES */;

-- Dump completed on 2024-08-27 20:51:04
